# new_sentence = yes, end_paragraph=no
# text = ניתן להיכנס למערכת ההזדהות במספר אמצעים שונים.
1	נִתָּן	נתן	AUX	AUX	Gender=Masc|Number=Sing|Person=1,2,3|VerbType=Mod	נתן	_
2	לְהִכָּנֵס	נכנס	VERB	VERB	HebBinyan=NIFAL|HebRoot=כנס|VerbForm=Inf|Voice=Mid	נִכְנַס	_
3-4	לְמַעֲרֶכֶת	_	_	_	_
3	לְ	ל	ADP	ADP
4	מַעֲרֶכֶת	מערכה	NOUN	NOUN	Definite=Cons|Gender=Fem|Number=Sing	מַעֲרָכָה	_
5-6	הַהִזְדַּהוּת	_	_	_	_
5	ה	ה	DET	DET	PronType=Art
6	הִזְדַּהוּת	הזדהות	NOUN	NOUN	Gender=Fem|Number=Sing	הִזְדַּהוּת	_
7-8	בְּמִסְפַּר	_	_	_	_
7	בְּ	ב	ADP	ADP
8	מִסְפַּר	מספר	NOUN	NOUN	Definite=Cons|Gender=Masc|Number=Sing	מִסְפָּר	_
9	אֶמְצָעִים	אמצע	NOUN	NOUN	Gender=Masc|Number=Plur	אֶמְצַע	_
10	שׁוֹנִים	שונה	ADJ	ADJ	Gender=Masc|Number=Plur	שׁוֹנֶה	_
11	.		PUNCT	PUNCT		.	_

# new_sentence = yes, end_paragraph=yes
# text =

# new_sentence = yes, end_paragraph=yes
# text = בחר באמצעי הזיהוי המבוקש:

1	בְּחַר	בחר	VERB	VERB	Gender=Masc|HebBinyan=PAAL|HebRoot=בחר|Mood=Imp|Number=Sing|Person=2|Voice=Act	בָּחַר	_
2-3	בְּאֶמְצָעִי	_	_	_	_
2	בְּ	ב	ADP	ADP
3	אֶמְצָעִי	אמצעי	NOUN	NOUN	Definite=Cons|Gender=Masc|Number=Sing	אֶמְצָעִי	_
4-5	הַזִּהוּי	_	_	_	_
4	ה	ה	DET	DET	PronType=Art
5	זִּהוּי	זיהוי	NOUN	NOUN	Gender=Masc|Number=Sing	זִהוּי	_
6-7	הַמְּבֻקָּשׁ	_	_	_	_
6	ה	ה	DET	DET	PronType=Art
7	מְּבֻקָּשׁ	מבוקש	ADJ	ADJ	Gender=Masc|Number=Sing	מְבֻקָּשׁ	_
8	:		PUNCT	PUNCT		:	_

# new_sentence = yes, end_paragraph=yes
# text = מספר זהות וסיסמה

1	מִסְפַּר	מספר	NOUN	NOUN	Definite=Cons|Gender=Masc|Number=Sing	מִסְפָּר	_
2	זֶהוּת	זהות	NOUN	NOUN	Gender=Fem|Number=Sing	זֶהוּת	_
3-4	וְסִיסְמָה	_	_	_	_
3	וְ	ו	CCONJ	CCONJ
4	סִיסְמָה	סיסמה	NOUN	NOUN	Gender=Fem|Number=Sing	סִיסְמָה	_

# new_sentence = yes, end_paragraph=yes
# text = יש להזין את מספר הזהות והסיסמה

1	יֵשׁ	יש	AUX	AUX	VerbType=Mod	יֵשׁ	_
2	לְהָזִין	הזין	VERB	VERB	HebBinyan=HIFIL|HebRoot=זון|VerbForm=Inf|Voice=Act	הֵזִין	_
3	אֶת	את	ADP	ADP		אֶת	_
4	מִסְפַּר	מספר	NOUN	NOUN	Definite=Cons|Gender=Masc|Number=Sing	מִסְפָּר	_
5-6	הַזֶּהוּת	_	_	_	_
5	ה	ה	DET	DET	PronType=Art
6	זֶּהוּת	זהות	NOUN	NOUN	Gender=Fem|Number=Sing	זֶהוּת	_
7-9	וְהַסִּיסְמָה	_	_	_	_
7	וְ	ו	CCONJ	CCONJ
8	ה	ה	DET	DET	PronType=Art
9	סִּיסְמָה	סיסמה	NOUN	NOUN	Gender=Fem|Number=Sing	סִיסְמָה	_

# new_sentence = yes, end_paragraph=no
# text = תעודת הזהות של הלקוח והסיסמה אותה בחר בתהליך ההרשמה. 
1	תְּעוּדַת	תעודה	NOUN	NOUN	Definite=Cons|Gender=Fem|Number=Sing	תְּעוּדָה	_
2-3	הַזֶּהוּת	_	_	_	_
2	ה	ה	DET	DET	PronType=Art
3	זֶּהוּת	זהות	NOUN	NOUN	Gender=Fem|Number=Sing	זֶהוּת	_
4	שֶׁל	של	ADP	ADP		שֶׁל	_
5-6	הַלָּקוֹחַ	_	_	_	_
5	ה	ה	DET	DET	PronType=Art
6	לָּקוֹחַ	לקוח	NOUN	NOUN	Gender=Masc|Number=Sing	לָקוֹחַ	_
7-9	וְהַסִּיסְמָה	_	_	_	_
7	וְ	ו	CCONJ	CCONJ
8	ה	ה	DET	DET	PronType=Art
9	סִּיסְמָה	סיסמה	NOUN	NOUN	Gender=Fem|Number=Sing	סִיסְמָה	_
10-11	אוֹתָהּ	_	_	_	_
10	_את	את	ADP	ADP	Case=Acc	את	_
11	היא_	היא_	PRON	PRON	Gender=Fem|Number=Sing|Person=3	היא_	_
12	בָּחַר	בחר	VERB	VERB	Gender=Masc|HebBinyan=PAAL|HebRoot=בחר|Number=Sing|Person=3|Tense=Past|Voice=Act	בָּחַר	_
13-14	בְּתַהֲלִיךְ	_	_	_	_
13	בְּ	ב	ADP	ADP
14	תַהֲלִיךְ	תהליך	NOUN	NOUN	Gender=Masc|Number=Sing	תַּהֲלִיךְ	_
15-16	הַהַרְשָׁמָה	_	_	_	_
15	ה	ה	DET	DET	PronType=Art
16	הַרְשָׁמָה	הרשמה	NOUN	NOUN	Gender=Fem|Number=Sing	הַרְשָׁמָה	_
17	.		PUNCT	PUNCT		.	_
18	 		X	X	DictaNote=Unknown	 	_

# new_sentence = yes, end_paragraph=no
# text = לאחר מכן, יש ללחוץ על כפתור הכניסה.
1	לְאַחַר	לאחר	ADP	ADP		לְאַחַר	_
2-3	מִכֵּן	_	_	_	_
2	מִ	מ	ADP	ADP
3	כֵּן	כן	NOUN	NOUN	Gender=Masc|Number=Sing	כֵּן	_
4-6	, יֵשׁ	_	_	_	_
4	,		PUNCT	PUNCT		,	_
5	 		X	X	DictaNote=Unknown	 	_
6	יֵשׁ	יש	AUX	AUX	VerbType=Mod	יֵשׁ	_
7	לִלְחֹץ	לחץ	VERB	VERB	HebBinyan=PAAL|HebRoot=לחץ|VerbForm=Inf|Voice=Act	לָחַץ	_
8	עַל	על	ADP	ADP		עַל	_
9	כַּפְתּוֹר	כפתור	NOUN	NOUN	Definite=Cons|Gender=Masc|Number=Sing	כַּפְתּוֹר	_
10-11	הַכְּנִיסָה	_	_	_	_
10	ה	ה	DET	DET	PronType=Art
11	כְּנִיסָה	כניסה	NOUN	NOUN	Gender=Fem|Number=Sing	כְּנִיסָה	_
12	.		PUNCT	PUNCT		.	_

# new_sentence = yes, end_paragraph=yes
# text =

# new_sentence = yes, end_paragraph=no
# text = במידה והלקוח שכח את הסיסמה, יש ללחוץ ""שכחתי סיסמה"". 
1-2	בְּמִדָּה	_	_	_	_
1	בְּ	ב	ADP	ADP
2	מִדָּה	מידה	NOUN	NOUN	Gender=Fem|Number=Sing	מִדָּה	_
3-5	וְהַלָּקוֹחַ	_	_	_	_
3	וְ	ו	CCONJ	CCONJ
4	ה	ה	DET	DET	PronType=Art
5	לָּקוֹחַ	לקוח	NOUN	NOUN	Gender=Masc|Number=Sing	לָקוֹחַ	_
6	שָׁכַח	שכח	VERB	VERB	Gender=Masc|HebBinyan=PAAL|HebRoot=שׁכח|Number=Sing|Person=3|Tense=Past|Voice=Act	שָׁכַח	_
7	אֶת	את	ADP	ADP		אֶת	_
8-9	הַסִּסְמָה	_	_	_	_
8	ה	ה	DET	DET	PronType=Art
9	סִּסְמָה	ססמה	NOUN	NOUN	Gender=Fem|Number=Sing	סִסְמָה	_
10-12	, יֵשׁ	_	_	_	_
10	,		PUNCT	PUNCT		,	_
11	 		X	X	DictaNote=Unknown	 	_
12	יֵשׁ	יש	AUX	AUX	VerbType=Mod	יֵשׁ	_
13	לִלְחֹץ	לחץ	VERB	VERB	HebBinyan=PAAL|HebRoot=לחץ|VerbForm=Inf|Voice=Act	לָחַץ	_
14-15	 ""שָׁכַחְתִּי	_	_	_	_
14	 ""		X	X	DictaNote=Unknown	 ""	_
15	שָׁכַחְתִּי	שכח	VERB	VERB	Gender=Fem,Masc|HebBinyan=PAAL|HebRoot=שׁכח|Number=Sing|Person=1|Tense=Past|Voice=Act	שָׁכַח	_
16	סִיסְמָה	סיסמה	NOUN	NOUN	Gender=Fem|Number=Sing	סִיסְמָה	_
17	"		PUNCT	PUNCT		"	_
18	"		PUNCT	PUNCT		"	_
19	.		PUNCT	PUNCT		.	_
20	 		X	X	DictaNote=Unknown	 	_

# new_sentence = yes, end_paragraph=no
# text = להסבר על תהליך איפוס הסיסמה, לחץ כאן .
1-2	לְהֶסְבֵּר	_	_	_	_
1	לְ	ל	ADP	ADP
2	הֶסְבֵּר	הסבר	NOUN	NOUN	Gender=Masc|Number=Sing	הֶסְבֵּר	_
3	עַל	על	ADP	ADP		עַל	_
4	תַּהֲלִיךְ	תהליך	NOUN	NOUN	Definite=Cons|Gender=Masc|Number=Sing	תַּהֲלִיךְ	_
5	אִפּוּס	איפוס	NOUN	NOUN	Definite=Cons|Gender=Masc|Number=Sing	אִפּוּס	_
6-7	הַסִּסְמָה	_	_	_	_
6	ה	ה	DET	DET	PronType=Art
7	סִּסְמָה	ססמה	NOUN	NOUN	Gender=Fem|Number=Sing	סִסְמָה	_
8-10	, לְחַץ	_	_	_	_
8	,		PUNCT	PUNCT		,	_
9	 		X	X	DictaNote=Unknown	 	_
10	לְחַץ	לחץ	VERB	VERB	Gender=Masc|HebBinyan=PAAL|HebRoot=לחץ|Mood=Imp|Number=Sing|Person=2|Voice=Act	לָחַץ	_
11	כָּאן	כאן	ADV	ADV	PronType=Dem	כָּאן	_
12	.		PUNCT	PUNCT		.	_

# new_sentence = yes, end_paragraph=yes
# text =

# new_sentence = yes, end_paragraph=yes
# text = בחירת שיטת שליחת קוד אימות

1	בְּחִירַת	בחירה	NOUN	NOUN	Definite=Cons|Gender=Fem|Number=Sing	בְּחִירָה	_
2	שִׁיטַת	שיטה	NOUN	NOUN	Definite=Cons|Gender=Fem|Number=Sing	שִׁיטָה	_
3	שְׁלִיחַת	שליחה	NOUN	NOUN	Definite=Cons|Gender=Fem|Number=Sing	שְׁלִיחָה	_
4	קוֹד	קוד	NOUN	NOUN	Definite=Cons|Gender=Masc|Number=Sing	קוֹד	_
5	אִמּוּת	אימות	NOUN	NOUN	Gender=Masc|Number=Sing	אִמּוּת	_

# new_sentence = yes, end_paragraph=no
# text = באפשרותו של המשתמש לבחור את שיטת משלוח הקוד האימות לטלפון הנייד.
1-4	בְּאֶפְשָׁרוּתוֹ	_	_	_	_
1	בְּ	ב	ADP	ADP
2	אפשרות_	אפשרות	NOUN	NOUN	Definite=Def|Gender=Fem|Number=Sing	אֶפְשָׁרוּת	_
3	_של_	של	ADP	ADP	_
4	_הוא	הוא	PRON	PRON	Case=Gen|Gender=Masc|Number=Sing|Person=3|PronType=Prs
5	שֶׁל	של	ADP	ADP		שֶׁל	_
6-7	הַמִּשְׁתַּמֵּשׁ	_	_	_	_
6	ה	ה	DET	DET	PronType=Art
7	מִּשְׁתַּמֵּשׁ	משתמש	NOUN	NOUN	Gender=Masc|Number=Sing	מִשְׁתַּמֵּשׁ	_
8	לִבְחֹר	בחר	VERB	VERB	HebBinyan=PAAL|HebRoot=בחר|VerbForm=Inf|Voice=Act	בָּחַר	_
9	אֶת	את	ADP	ADP		אֶת	_
10	שִׁיטַת	שיטה	NOUN	NOUN	Definite=Cons|Gender=Fem|Number=Sing	שִׁיטָה	_
11	מִשְׁלוֹחַ	משלוח	NOUN	NOUN	Definite=Cons|Gender=Masc|Number=Sing	מִשְׁלוֹחַ	_
12-13	הַקּוֹד	_	_	_	_
12	ה	ה	DET	DET	PronType=Art
13	קּוֹד	קוד	NOUN	NOUN	Gender=Masc|Number=Sing	קוֹד	_
14-15	הָאִמּוּת	_	_	_	_
14	ה	ה	DET	DET	PronType=Art
15	אִמּוּת	אימות	NOUN	NOUN	Gender=Masc|Number=Sing	אִמּוּת	_
16-17	לְטֵלֵפוֹן	_	_	_	_
16	לְ	ל	ADP	ADP
17	טֵלֵפוֹן	טלפון	NOUN	NOUN	Gender=Masc|Number=Sing	טֵלֵפוֹן	_
18-19	הַנַּיָּד	_	_	_	_
18	ה	ה	DET	DET	PronType=Art
19	נַּיָּד	נייד	ADJ	ADJ	Gender=Masc|Number=Sing	נַיָּד	_
20	.		PUNCT	PUNCT		.	_

# new_sentence = yes, end_paragraph=yes
# text =

# new_sentence = yes, end_paragraph=yes
# text = האם ניתן להמשיך להזנת קוד האימות?

1	הַאִם	אם	ADV	ADV	PronType=Int	אִם	_
2	נִתָּן	נתן	AUX	AUX	Gender=Masc|Number=Sing|Person=1,2,3|VerbType=Mod	נתן	_
3	לְהַמְשִׁיךְ	המשיך	VERB	VERB	HebBinyan=HIFIL|HebRoot=משׁך|VerbForm=Inf|Voice=Act	הִמְשִׁיךְ	_
4-5	לַהֲזָנַת	_	_	_	_
4	לַ	ל	ADP	ADP
5	הֲזָנַת	הזנה	NOUN	NOUN	Definite=Cons|Gender=Fem|Number=Sing	הֲזָנָה	_
6	קוֹד	קוד	NOUN	NOUN	Definite=Cons|Gender=Masc|Number=Sing	קוֹד	_
7-8	הָאִמּוּת	_	_	_	_
7	ה	ה	DET	DET	PronType=Art
8	אִמּוּת	אימות	NOUN	NOUN	Gender=Masc|Number=Sing	אִמּוּת	_
9	?		PUNCT	PUNCT		?	_

# new_sentence = yes, end_paragraph=yes
# text = האם מתקבל קוד האימות?

1	הַאִם	אם	ADV	ADV	PronType=Int	אִם	_
2	מִתְקַבֵּל	התקבל	VERB	VERB	Gender=Masc|HebBinyan=HITPAEL|HebRoot=קבל|Number=Sing|Person=1,2,3|VerbForm=Part	הִתְקַבֵּל	_
3	קוֹד	קוד	NOUN	NOUN	Definite=Cons|Gender=Masc|Number=Sing	קוֹד	_
4-5	הָאִמּוּת	_	_	_	_
4	ה	ה	DET	DET	PronType=Art
5	אִמּוּת	אימות	NOUN	NOUN	Gender=Masc|Number=Sing	אִמּוּת	_
6	?		PUNCT	PUNCT		?	_

# new_sentence = yes, end_paragraph=yes
# text = הזנת קוד אימות

1	הֲזָנַת	הזנה	NOUN	NOUN	Definite=Cons|Gender=Fem|Number=Sing	הֲזָנָה	_
2	קוֹד	קוד	NOUN	NOUN	Definite=Cons|Gender=Masc|Number=Sing	קוֹד	_
3	אִמּוּת	אימות	NOUN	NOUN	Gender=Masc|Number=Sing	אִמּוּת	_

# new_sentence = yes, end_paragraph=no
# text = לאחר הזנת תעודת הזהות והסיסמה, ישלח מסרון אל מספר הטלפון עימו בוצעה הרשמה למערכת, ובו קוד אימות. 
1	לְאַחַר	לאחר	ADP	ADP		לְאַחַר	_
2	הֲזָנַת	הזנה	NOUN	NOUN	Definite=Cons|Gender=Fem|Number=Sing	הֲזָנָה	_
3	תְּעוּדַת	תעודה	NOUN	NOUN	Definite=Cons|Gender=Fem|Number=Sing	תְּעוּדָה	_
4-5	הַזֶּהוּת	_	_	_	_
4	ה	ה	DET	DET	PronType=Art
5	זֶּהוּת	זהות	NOUN	NOUN	Gender=Fem|Number=Sing	זֶהוּת	_
6-8	וְהַסִּיסְמָה	_	_	_	_
6	וְ	ו	CCONJ	CCONJ
7	ה	ה	DET	DET	PronType=Art
8	סִּיסְמָה	סיסמה	NOUN	NOUN	Gender=Fem|Number=Sing	סִיסְמָה	_
9-11	, יִשְׁלַח	_	_	_	_
9	,		PUNCT	PUNCT		,	_
10	 		X	X	DictaNote=Unknown	 	_
11	יִשְׁלַח	שלח	VERB	VERB	Gender=Masc|HebBinyan=PAAL|HebRoot=שׁלח|Number=Sing|Person=3|Tense=Fut|Voice=Act	שָׁלַח	_
12	מִסְרוֹן	מסרון	NOUN	NOUN	Gender=Masc|Number=Sing	מִסְרוֹן	_
13	אֶל	אל	ADP	ADP		אֶל	_
14	מִסְפַּר	מספר	NOUN	NOUN	Definite=Cons|Gender=Masc|Number=Sing	מִסְפָּר	_
15-16	הַטֵּלֵפוֹן	_	_	_	_
15	ה	ה	DET	DET	PronType=Art
16	טֵּלֵפוֹן	טלפון	NOUN	NOUN	Gender=Masc|Number=Sing	טֵלֵפוֹן	_
17-18	עִמּוֹ	_	_	_	_
17	עם_	עם	ADP	ADP		עִם	_
18	_הוא	הוא	PRON	PRON	Gender=Masc|Number=Sing|Person=3|PronType=Prs
19	בֻּצְּעָה	בוצע	VERB	VERB	Gender=Fem|HebBinyan=PUAL|HebRoot=בצע|Number=Sing|Person=3|Tense=Past|Voice=Pass	בֻּצַּע	_
20	הַרְשָׁמָה	הרשמה	NOUN	NOUN	Gender=Fem|Number=Sing	הַרְשָׁמָה	_
21-23	לַמַּעֲרֶכֶת	_	_	_	_
21	לַ	ל	ADP	ADP
22	ה_	ה	DET	DET	PronType=Art
23	מַּעֲרֶכֶת	מערכת	NOUN	NOUN	Gender=Fem|Number=Sing	מַעֲרֶכֶת	_
24-28	, וּבוֹ	_	_	_	_
24	,		PUNCT	PUNCT		,	_
25	 		X	X	DictaNote=Unknown	 	_
26	וּ	ו	CCONJ	CCONJ
27	ב_	ב	ADP	ADP		בְּ	_
28	_הוא	הוא	PRON	PRON	Gender=Masc|Number=Sing|Person=3|PronType=Prs
29	קוֹד	קוד	NOUN	NOUN	Definite=Cons|Gender=Masc|Number=Sing	קוֹד	_
30	אִמּוּת	אימות	NOUN	NOUN	Gender=Masc|Number=Sing	אִמּוּת	_
31	.		PUNCT	PUNCT		.	_
32	 		X	X	DictaNote=Unknown	 	_

# new_sentence = yes, end_paragraph=no
# text = יש להזין את קוד האימות וללחוץ על בצע אימות. 
1	יֵשׁ	יש	AUX	AUX	VerbType=Mod	יֵשׁ	_
2	לְהָזִין	הזין	VERB	VERB	HebBinyan=HIFIL|HebRoot=זון|VerbForm=Inf|Voice=Act	הֵזִין	_
3	אֶת	את	ADP	ADP		אֶת	_
4	קוֹד	קוד	NOUN	NOUN	Definite=Cons|Gender=Masc|Number=Sing	קוֹד	_
5-6	הָאִמּוּת	_	_	_	_
5	ה	ה	DET	DET	PronType=Art
6	אִמּוּת	אימות	NOUN	NOUN	Gender=Masc|Number=Sing	אִמּוּת	_
7-8	וְלִלְחֹץ	_	_	_	_
7	וְ	ו	CCONJ	CCONJ
8	לִלְחֹץ	לחץ	VERB	VERB	HebBinyan=PAAL|HebRoot=לחץ|VerbForm=Inf|Voice=Act	לָחַץ	_
9	עַל	על	ADP	ADP		עַל	_
10	בֶּצַע	בצע	NOUN	NOUN	Definite=Cons|Gender=Masc|Number=Sing	בֶּצַע	_
11	אִמּוּת	אימות	NOUN	NOUN	Gender=Masc|Number=Sing	אִמּוּת	_
12	.		PUNCT	PUNCT		.	_
13	 		X	X	DictaNote=Unknown	 	_

# new_sentence = yes, end_paragraph=no
# text = יש להזין את קוד האימות בתוך 30 דקות, לאחר מכן, יפוג תוקפו ולא תתאפשר כניסה בהזנתו.
1	יֵשׁ	יש	AUX	AUX	VerbType=Mod	יֵשׁ	_
2	לְהָזִין	הזין	VERB	VERB	HebBinyan=HIFIL|HebRoot=זון|VerbForm=Inf|Voice=Act	הֵזִין	_
3	אֶת	את	ADP	ADP		אֶת	_
4	קוֹד	קוד	NOUN	NOUN	Definite=Cons|Gender=Masc|Number=Sing	קוֹד	_
5-6	הָאִמּוּת	_	_	_	_
5	ה	ה	DET	DET	PronType=Art
6	אִמּוּת	אימות	NOUN	NOUN	Gender=Masc|Number=Sing	אִמּוּת	_
7	בְּתוֹךְ	בתוך	ADP	ADP		בְּתוֹךְ	_
8-9	30דַּקּוֹת	_	_	_	_
8	30		NUM	NUM		30	_
9	דַּקּוֹת	דקה	NOUN	NOUN	Gender=Fem|Number=Plur	דַּקָּה	_
10-12	, לְאַחַר	_	_	_	_
10	,		PUNCT	PUNCT		,	_
11	 		X	X	DictaNote=Unknown	 	_
12	לְאַחַר	לאחר	ADP	ADP		לְאַחַר	_
13-14	מִכֵּן	_	_	_	_
13	מִ	מ	ADP	ADP
14	כֵּן	כן	NOUN	NOUN	Gender=Masc|Number=Sing	כֵּן	_
15-17	, יָפוּג	_	_	_	_
15	,		PUNCT	PUNCT		,	_
16	 		X	X	DictaNote=Unknown	 	_
17	יָפוּג	פג	VERB	VERB	Gender=Masc|HebBinyan=PAAL|HebRoot=פוג|Number=Sing|Person=3|Tense=Fut|Voice=Act	פָּג	_
18-20	תׇּקְפּוֹ	_	_	_	_
18	תקף_	תוקף	NOUN	NOUN	Definite=Def|Gender=Masc|Number=Sing	תֹּקֶף	_
19	_של_	של	ADP	ADP	_
20	_הוא	הוא	PRON	PRON	Case=Gen|Gender=Masc|Number=Sing|Person=3|PronType=Prs
21-22	וְלֹא	_	_	_	_
21	וְ	ו	CCONJ	CCONJ
22	לֹא	לא	ADV	ADV	Polarity=Neg|PronType=Neg	לֹא	_
23	תִּתְאַפְשֵׁר	התאפשר	VERB	VERB	Gender=Fem|HebBinyan=HITPAEL|HebRoot=אפשׁר|Number=Sing|Person=3|Tense=Fut	הִתְאַפְשֵׁר	_
24	כְּנִיסָה	כניסה	NOUN	NOUN	Gender=Fem|Number=Sing	כְּנִיסָה	_
25-28	בַּהֲזָנָתוֹ	_	_	_	_
25	בַּ	ב	ADP	ADP
26	הזנה_	הזנה	NOUN	NOUN	Definite=Def|Gender=Fem|Number=Sing	הֲזָנָה	_
27	_של_	של	ADP	ADP	_
28	_הוא	הוא	PRON	PRON	Case=Gen|Gender=Masc|Number=Sing|Person=3|PronType=Prs
29	.		PUNCT	PUNCT		.	_

# new_sentence = yes, end_paragraph=yes
# text =

# new_sentence = yes, end_paragraph=no
# text = כעת, יועבר המשתמש לשירות המבוקש.
1	כָּעֵת	כעת	ADV	ADV		כָּעֵת	_
2-4	, יׇעֳבַר	_	_	_	_
2	,		PUNCT	PUNCT		,	_
3	 		X	X	DictaNote=Unknown	 	_
4	יׇעֳבַר	הועבר	VERB	VERB	Gender=Masc|HebBinyan=HUFAL|HebRoot=עבר|Number=Sing|Person=3|Tense=Fut|Voice=Pass	הֻעְבַּר	_
5-6	הַמִּשְׁתַּמֵּשׁ	_	_	_	_
5	ה	ה	DET	DET	PronType=Art
6	מִּשְׁתַּמֵּשׁ	משתמש	NOUN	NOUN	Gender=Masc|Number=Sing	מִשְׁתַּמֵּשׁ	_
7-8	לְשֵׁרוּת	_	_	_	_
7	לְ	ל	ADP	ADP
8	שֵׁרוּת	שירות	NOUN	NOUN	Gender=Masc|Number=Sing	שֵׁרוּת	_
9-10	הַמְּבֻקָּשׁ	_	_	_	_
9	ה	ה	DET	DET	PronType=Art
10	מְּבֻקָּשׁ	מבוקש	ADJ	ADJ	Gender=Masc|Number=Sing	מְבֻקָּשׁ	_
11	.		PUNCT	PUNCT		.	_

# new_sentence = yes, end_paragraph=yes
# text =

# new_sentence = yes, end_paragraph=no
# text = במקרה בו לא מתקבל קוד האימות, יוכל המשתמש לשנות את שיטת שליחת קוד האימות. 
1-2	בְּמִקְרֶה	_	_	_	_
1	בְּ	ב	ADP	ADP
2	מִקְרֶה	מקרה	NOUN	NOUN	Gender=Masc|Number=Sing	מִקְרֶה	_
3-4	בּוֹ	_	_	_	_
3	ב_	ב	ADP	ADP		בְּ	_
4	_הוא	הוא	PRON	PRON	Gender=Masc|Number=Sing|Person=3|PronType=Prs
5	לֹא	לא	ADV	ADV	Polarity=Neg|PronType=Neg	לֹא	_
6	מִתְקַבֵּל	התקבל	VERB	VERB	Gender=Masc|HebBinyan=HITPAEL|HebRoot=קבל|Number=Sing|Person=1,2,3|VerbForm=Part	הִתְקַבֵּל	_
7	קוֹד	קוד	NOUN	NOUN	Definite=Cons|Gender=Masc|Number=Sing	קוֹד	_
8-9	הָאִמּוּת	_	_	_	_
8	ה	ה	DET	DET	PronType=Art
9	אִמּוּת	אימות	NOUN	NOUN	Gender=Masc|Number=Sing	אִמּוּת	_
10-12	, יוּכַל	_	_	_	_
10	,		PUNCT	PUNCT		,	_
11	 		X	X	DictaNote=Unknown	 	_
12	יוּכַל	יכל	AUX	AUX	Gender=Masc|Number=Sing|Person=3|Tense=Fut|VerbType=Mod	יכל	_
13-14	הַמִּשְׁתַּמֵּשׁ	_	_	_	_
13	ה	ה	DET	DET	PronType=Art
14	מִּשְׁתַּמֵּשׁ	משתמש	NOUN	NOUN	Gender=Masc|Number=Sing	מִשְׁתַּמֵּשׁ	_
15	לְשַׁנּוֹת	שינה	VERB	VERB	HebBinyan=PIEL|HebRoot=שׁני|VerbForm=Inf|Voice=Act	שִׁנָּה	_
16	אֶת	את	ADP	ADP		אֶת	_
17	שִׁיטַת	שיטה	NOUN	NOUN	Definite=Cons|Gender=Fem|Number=Sing	שִׁיטָה	_
18	שְׁלִיחַת	שליחה	NOUN	NOUN	Definite=Cons|Gender=Fem|Number=Sing	שְׁלִיחָה	_
19	קוֹד	קוד	NOUN	NOUN	Definite=Cons|Gender=Masc|Number=Sing	קוֹד	_
20-21	הָאִמּוּת	_	_	_	_
20	ה	ה	DET	DET	PronType=Art
21	אִמּוּת	אימות	NOUN	NOUN	Gender=Masc|Number=Sing	אִמּוּת	_
22	.		PUNCT	PUNCT		.	_
23	 		X	X	DictaNote=Unknown	 	_

# new_sentence = yes, end_paragraph=no
# text = לשינוי שיטת קבלת קוד האימות, יש ללחוץ על הכפתור הייעודי.
1-2	לְשִׁנּוּי	_	_	_	_
1	לְ	ל	ADP	ADP
2	שִׁנּוּי	שינוי	NOUN	NOUN	Gender=Masc|Number=Sing	שִׁנּוּי	_
3	שִׁיטַת	שיטה	NOUN	NOUN	Definite=Cons|Gender=Fem|Number=Sing	שִׁיטָה	_
4	קַבָּלַת	קבלה	NOUN	NOUN	Definite=Cons|Gender=Fem|Number=Sing	קַבָּלָה	_
5	קוֹד	קוד	NOUN	NOUN	Definite=Cons|Gender=Masc|Number=Sing	קוֹד	_
6-7	הָאִמּוּת	_	_	_	_
6	ה	ה	DET	DET	PronType=Art
7	אִמּוּת	אימות	NOUN	NOUN	Gender=Masc|Number=Sing	אִמּוּת	_
8-10	, יֵשׁ	_	_	_	_
8	,		PUNCT	PUNCT		,	_
9	 		X	X	DictaNote=Unknown	 	_
10	יֵשׁ	יש	AUX	AUX	VerbType=Mod	יֵשׁ	_
11	לִלְחֹץ	לחץ	VERB	VERB	HebBinyan=PAAL|HebRoot=לחץ|VerbForm=Inf|Voice=Act	לָחַץ	_
12	עַל	על	ADP	ADP		עַל	_
13-14	הַכַּפְתּוֹר	_	_	_	_
13	ה	ה	DET	DET	PronType=Art
14	כַּפְתּוֹר	כפתור	NOUN	NOUN	Gender=Masc|Number=Sing	כַּפְתּוֹר	_
15-16	הַיִּעוּדִי	_	_	_	_
15	ה	ה	DET	DET	PronType=Art
16	יִּעוּדִי	ייעודי	ADJ	ADJ	Gender=Masc|Number=Sing	יִעוּדִי	_
17	.		PUNCT	PUNCT		.	_

# new_sentence = yes, end_paragraph=yes
# text =

# new_sentence = yes, end_paragraph=no
# text = כעת יוכל המשתמש לבחור בשיטה חלופית לקבלת הקוד.
1	כָּעֵת	כעת	ADV	ADV		כָּעֵת	_
2	יוּכַל	יכל	AUX	AUX	Gender=Masc|Number=Sing|Person=3|Tense=Fut|VerbType=Mod	יכל	_
3-4	הַמִּשְׁתַּמֵּשׁ	_	_	_	_
3	ה	ה	DET	DET	PronType=Art
4	מִּשְׁתַּמֵּשׁ	משתמש	NOUN	NOUN	Gender=Masc|Number=Sing	מִשְׁתַּמֵּשׁ	_
5	לִבְחֹר	בחר	VERB	VERB	HebBinyan=PAAL|HebRoot=בחר|VerbForm=Inf|Voice=Act	בָּחַר	_
6-7	בְּשִׁיטָה	_	_	_	_
6	בְּ	ב	ADP	ADP
7	שִׁיטָה	שיטה	NOUN	NOUN	Gender=Fem|Number=Sing	שִׁיטָה	_
8	חִלּוּפִית	חילופי	ADJ	ADJ	Gender=Fem|Number=Sing	חִלּוּפִי	_
9-10	לְקַבָּלַת	_	_	_	_
9	לְ	ל	ADP	ADP
10	קַבָּלַת	קבלה	NOUN	NOUN	Definite=Cons|Gender=Fem|Number=Sing	קַבָּלָה	_
11-12	הַקּוֹד	_	_	_	_
11	ה	ה	DET	DET	PronType=Art
12	קּוֹד	קוד	NOUN	NOUN	Gender=Masc|Number=Sing	קוֹד	_
13	.		PUNCT	PUNCT		.	_

# new_sentence = yes, end_paragraph=yes
# text =

# new_sentence = yes, end_paragraph=yes
# text = יישומון (אפליקציה)

1	יִשּׂוּמוֹן	יישומון	NOUN	NOUN	Gender=Masc|Number=Sing	יִשּׂוּמוֹן	_
2-3	 (אַפְּלִיקַצְיָה	_	_	_	_
2	 (		X	X	DictaNote=Unknown	 (	_
3	אַפְּלִיקַצְיָה	אפליקציה	NOUN	NOUN	Gender=Fem|Number=Sing	אַפְּלִיקַצְיָה	_
4	)		PUNCT	PUNCT		)	_

# new_sentence = yes, end_paragraph=no
# text = כניסה באמצעות היישומון תתאפשר רק לאחר ביצוע הרשמה למערכת.
1	כְּנִיסָה	כניסה	NOUN	NOUN	Gender=Fem|Number=Sing	כְּנִיסָה	_
2	בְּאֶמְצָעוּת	באמצעות	ADP	ADP		בְּאֶמְצָעוּת	_
3-4	הַיִּשּׂוּמוֹן	_	_	_	_
3	ה	ה	DET	DET	PronType=Art
4	יִּשּׂוּמוֹן	יישומון	NOUN	NOUN	Gender=Masc|Number=Sing	יִשּׂוּמוֹן	_
5	תִּתְאַפְשֵׁר	התאפשר	VERB	VERB	Gender=Fem|HebBinyan=HITPAEL|HebRoot=אפשׁר|Number=Sing|Person=3|Tense=Fut	הִתְאַפְשֵׁר	_
6	רַק	רק	CCONJ	CCONJ		רַק	_
7	לְאַחַר	לאחר	ADP	ADP		לְאַחַר	_
8	בִּצּוּעַ	ביצוע	NOUN	NOUN	Gender=Masc|Number=Sing	בִּצּוּעַ	_
9	הַרְשָׁמָה	הרשמה	NOUN	NOUN	Gender=Fem|Number=Sing	הַרְשָׁמָה	_
10-12	לַמַּעֲרֶכֶת	_	_	_	_
10	לַ	ל	ADP	ADP
11	ה_	ה	DET	DET	PronType=Art
12	מַּעֲרֶכֶת	מערכת	NOUN	NOUN	Gender=Fem|Number=Sing	מַעֲרֶכֶת	_
13	.		PUNCT	PUNCT		.	_

# new_sentence = yes, end_paragraph=yes
# text =

# new_sentence = yes, end_paragraph=no
# text = להסבר אודות תהליך ההרשמה, לחץ כאן .
1-2	לְהֶסְבֵּר	_	_	_	_
1	לְ	ל	ADP	ADP
2	הֶסְבֵּר	הסבר	NOUN	NOUN	Gender=Masc|Number=Sing	הֶסְבֵּר	_
3	אוֹדוֹת	אודות	ADP	ADP		אוֹדוֹת	_
4	תַּהֲלִיךְ	תהליך	NOUN	NOUN	Definite=Cons|Gender=Masc|Number=Sing	תַּהֲלִיךְ	_
5-6	הַהַרְשָׁמָה	_	_	_	_
5	ה	ה	DET	DET	PronType=Art
6	הַרְשָׁמָה	הרשמה	NOUN	NOUN	Gender=Fem|Number=Sing	הַרְשָׁמָה	_
7-9	, לְחַץ	_	_	_	_
7	,		PUNCT	PUNCT		,	_
8	 		X	X	DictaNote=Unknown	 	_
9	לְחַץ	לחץ	VERB	VERB	Gender=Masc|HebBinyan=PAAL|HebRoot=לחץ|Mood=Imp|Number=Sing|Person=2|Voice=Act	לָחַץ	_
10	כָּאן	כאן	ADV	ADV	PronType=Dem	כָּאן	_
11	.		PUNCT	PUNCT		.	_

# new_sentence = yes, end_paragraph=yes
# text =

# new_sentence = yes, end_paragraph=no
# text = כמו כן, כניסה באמצעות היישומון תתאפשר לאחר קישורו לחשבון המשתמש.
1	כְּמוֹ	כמו	ADP	ADP		כְּמוֹ	_
2	כֵן	כין	ADV	ADV		כֵּן	_
3-5	, כְּנִיסָה	_	_	_	_
3	,		PUNCT	PUNCT		,	_
4	 		X	X	DictaNote=Unknown	 	_
5	כְּנִיסָה	כניסה	NOUN	NOUN	Gender=Fem|Number=Sing	כְּנִיסָה	_
6	בְּאֶמְצָעוּת	באמצעות	ADP	ADP		בְּאֶמְצָעוּת	_
7-8	הַיִּשּׂוּמוֹן	_	_	_	_
7	ה	ה	DET	DET	PronType=Art
8	יִּשּׂוּמוֹן	יישומון	NOUN	NOUN	Gender=Masc|Number=Sing	יִשּׂוּמוֹן	_
9	תִּתְאַפְשֵׁר	התאפשר	VERB	VERB	Gender=Fem|HebBinyan=HITPAEL|HebRoot=אפשׁר|Number=Sing|Person=3|Tense=Fut	הִתְאַפְשֵׁר	_
10	לְאַחַר	לאחר	ADP	ADP		לְאַחַר	_
11-13	קִשּׁוּרוֹ	_	_	_	_
11	קשור_	קישור	NOUN	NOUN	Definite=Def|Gender=Masc|Number=Sing	קִשּׁוּר	_
12	_של_	של	ADP	ADP	_
13	_הוא	הוא	PRON	PRON	Case=Gen|Gender=Masc|Number=Sing|Person=3|PronType=Prs
14-15	לְחֶשְׁבּוֹן	_	_	_	_
14	לְ	ל	ADP	ADP
15	חֶשְׁבּוֹן	חשבון	NOUN	NOUN	Gender=Masc|Number=Sing	חֶשְׁבּוֹן	_
16-17	הַמִּשְׁתַּמֵּשׁ	_	_	_	_
16	ה	ה	DET	DET	PronType=Art
17	מִּשְׁתַּמֵּשׁ	משתמש	NOUN	NOUN	Gender=Masc|Number=Sing	מִשְׁתַּמֵּשׁ	_
18	.		PUNCT	PUNCT		.	_

# new_sentence = yes, end_paragraph=yes
# text =

# new_sentence = yes, end_paragraph=no
# text = ביצוע התחברות באמצעות היישומון מחליף את הצורך בהזנת סיסמה. 
1	בִּצּוּעַ	ביצוע	NOUN	NOUN	Gender=Masc|Number=Sing	בִּצּוּעַ	_
2	הִתְחַבְּרוּת	התחברות	NOUN	NOUN	Gender=Fem|Number=Sing	הִתְחַבְּרוּת	_
3	בְּאֶמְצָעוּת	באמצעות	ADP	ADP		בְּאֶמְצָעוּת	_
4-5	הַיִּשּׂוּמוֹן	_	_	_	_
4	ה	ה	DET	DET	PronType=Art
5	יִּשּׂוּמוֹן	יישומון	NOUN	NOUN	Gender=Masc|Number=Sing	יִשּׂוּמוֹן	_
6	מַחֲלִיף	החליף	VERB	VERB	Gender=Masc|HebBinyan=HIFIL|HebRoot=חלף|Number=Sing|Person=1,2,3|VerbForm=Part|Voice=Act	הֶחֱלִיף	_
7	אֶת	את	ADP	ADP		אֶת	_
8-9	הַצֹּרֶךְ	_	_	_	_
8	ה	ה	DET	DET	PronType=Art
9	צֹּרֶךְ	צורך	NOUN	NOUN	Gender=Masc|Number=Sing	צֹרֶךְ	_
10-11	בַּהֲזָנַת	_	_	_	_
10	בַּ	ב	ADP	ADP
11	הֲזָנַת	הזנה	NOUN	NOUN	Definite=Cons|Gender=Fem|Number=Sing	הֲזָנָה	_
12	סִיסְמָה	סיסמה	NOUN	NOUN	Gender=Fem|Number=Sing	סִיסְמָה	_
13	.		PUNCT	PUNCT		.	_
14	 		X	X	DictaNote=Unknown	 	_

# new_sentence = yes, end_paragraph=no
# text = לא יתאפשר ביצוע פעולות נוספות באמצעות היישומון.
1	לֹא	לא	ADV	ADV	Polarity=Neg|PronType=Neg	לֹא	_
2	יִתְאַפְשֵׁר	התאפשר	VERB	VERB	Gender=Masc|HebBinyan=HITPAEL|HebRoot=אפשׁר|Number=Sing|Person=3|Tense=Fut	הִתְאַפְשֵׁר	_
3	בִּצּוּעַ	ביצוע	NOUN	NOUN	Gender=Masc|Number=Sing	בִּצּוּעַ	_
4	פְּעֻלּוֹת	פעולה	NOUN	NOUN	Gender=Fem|Number=Plur	פְּעֻלָּה	_
5	נוֹסָפוֹת	נוסף	ADJ	ADJ	Gender=Fem|Number=Plur	נוֹסָף	_
6	בְּאֶמְצָעוּת	באמצעות	ADP	ADP		בְּאֶמְצָעוּת	_
7-8	הַיִּשּׂוּמוֹן	_	_	_	_
7	ה	ה	DET	DET	PronType=Art
8	יִּשּׂוּמוֹן	יישומון	NOUN	NOUN	Gender=Masc|Number=Sing	יִשּׂוּמוֹן	_
9	.		PUNCT	PUNCT		.	_

# new_sentence = yes, end_paragraph=yes
# text =

# new_sentence = yes, end_paragraph=yes
# text = לכניסה או קישור יישומון לחשבון, יש לבחור בראש העמוד באפשרות הכניסה באמצעות אפליקציה

1-2	לִכְנִיסָה	_	_	_	_
1	לִ	ל	ADP	ADP
2	כְנִיסָה	כניסה	NOUN	NOUN	Gender=Fem|Number=Sing	כְּנִיסָה	_
3	אוֹ	או	CCONJ	CCONJ		אוֹ	_
4	קִשּׁוּר	קישור	NOUN	NOUN	Gender=Masc|Number=Sing	קִשּׁוּר	_
5	יִשּׂוּמוֹן	יישומון	NOUN	NOUN	Gender=Masc|Number=Sing	יִשּׂוּמוֹן	_
6-7	לְחֶשְׁבּוֹן	_	_	_	_
6	לְ	ל	ADP	ADP
7	חֶשְׁבּוֹן	חשבון	NOUN	NOUN	Gender=Masc|Number=Sing	חֶשְׁבּוֹן	_
8-10	, יֵשׁ	_	_	_	_
8	,		PUNCT	PUNCT		,	_
9	 		X	X	DictaNote=Unknown	 	_
10	יֵשׁ	יש	AUX	AUX	VerbType=Mod	יֵשׁ	_
11	לִבְחֹר	בחר	VERB	VERB	HebBinyan=PAAL|HebRoot=בחר|VerbForm=Inf|Voice=Act	בָּחַר	_
12-13	בְּרֹאשׁ	_	_	_	_
12	בְּ	ב	ADP	ADP
13	רֹאשׁ	ראש	NOUN	NOUN	Definite=Cons|Gender=Masc|Number=Sing	רֹאשׁ	_
14-15	הָעַמּוּד	_	_	_	_
14	ה	ה	DET	DET	PronType=Art
15	עַמּוּד	עמוד	NOUN	NOUN	Gender=Masc|Number=Sing	עַמּוּד	_
16-17	בְּאֶפְשָׁרוּת	_	_	_	_
16	בְּ	ב	ADP	ADP
17	אֶפְשָׁרוּת	אפשרות	NOUN	NOUN	Gender=Fem|Number=Sing	אֶפְשָׁרוּת	_
18-19	הַכְּנִיסָה	_	_	_	_
18	ה	ה	DET	DET	PronType=Art
19	כְּנִיסָה	כניסה	NOUN	NOUN	Gender=Fem|Number=Sing	כְּנִיסָה	_
20	בְּאֶמְצָעוּת	באמצעות	ADP	ADP		בְּאֶמְצָעוּת	_
21	אַפְּלִיקַצְיָה	אפליקציה	NOUN	NOUN	Gender=Fem|Number=Sing	אַפְּלִיקַצְיָה	_

# new_sentence = yes, end_paragraph=no
# text = יש להזין את מספר הזהות, ומספר הטלפון או כתובת דואר אלקטרוני איתם בוצע רישום. 
1	יֵשׁ	יש	AUX	AUX	VerbType=Mod	יֵשׁ	_
2	לְהָזִין	הזין	VERB	VERB	HebBinyan=HIFIL|HebRoot=זון|VerbForm=Inf|Voice=Act	הֵזִין	_
3	אֶת	את	ADP	ADP		אֶת	_
4	מִסְפַּר	מספר	NOUN	NOUN	Definite=Cons|Gender=Masc|Number=Sing	מִסְפָּר	_
5-6	הַזֶּהוּת	_	_	_	_
5	ה	ה	DET	DET	PronType=Art
6	זֶּהוּת	זהות	NOUN	NOUN	Gender=Fem|Number=Sing	זֶהוּת	_
7-10	, וּמִסְפַּר	_	_	_	_
7	,		PUNCT	PUNCT		,	_
8	 		X	X	DictaNote=Unknown	 	_
9	וּ	ו	CCONJ	CCONJ
10	מִסְפַּר	מספר	NOUN	NOUN	Definite=Cons|Gender=Masc|Number=Sing	מִסְפָּר	_
11-12	הַטֵּלֵפוֹן	_	_	_	_
11	ה	ה	DET	DET	PronType=Art
12	טֵּלֵפוֹן	טלפון	NOUN	NOUN	Gender=Masc|Number=Sing	טֵלֵפוֹן	_
13	אוֹ	או	CCONJ	CCONJ		אוֹ	_
14	כְּתֹבֶת	כתובת	NOUN	NOUN	Definite=Cons|Gender=Fem|Number=Sing	כְּתֹבֶת	_
15	דֹּאַר	דואר	NOUN	NOUN	Gender=Masc|Number=Sing	דֹּאַר	_
16	אֵלֶקְטְרוֹנִי	אלקטרוני	ADJ	ADJ	Gender=Masc|Number=Sing	אֵלֶקְטְרוֹנִי	_
17-18	אִתָּם	_	_	_	_
17	את_	את	ADP	ADP		אֶת	_
18	_הם	הם	PRON	PRON	Gender=Masc|Number=Plur|Person=3|PronType=Prs
19	בֻּצַּע	בוצע	VERB	VERB	Gender=Masc|HebBinyan=PUAL|HebRoot=בצע|Number=Sing|Person=3|Tense=Past|Voice=Pass	בֻּצַּע	_
20	רִשּׁוּם	רישום	NOUN	NOUN	Gender=Masc|Number=Sing	רִשּׁוּם	_
21	.		PUNCT	PUNCT		.	_
22	 		X	X	DictaNote=Unknown	 	_

# new_sentence = yes, end_paragraph=no
# text = בסיום, יש ללחוץ על כניסה.
1-2	בְּסִיּוּם	_	_	_	_
1	בְּ	ב	ADP	ADP
2	סִיּוּם	סיום	NOUN	NOUN	Gender=Masc|Number=Sing	סִיּוּם	_
3-5	, יֵשׁ	_	_	_	_
3	,		PUNCT	PUNCT		,	_
4	 		X	X	DictaNote=Unknown	 	_
5	יֵשׁ	יש	AUX	AUX	VerbType=Mod	יֵשׁ	_
6	לִלְחֹץ	לחץ	VERB	VERB	HebBinyan=PAAL|HebRoot=לחץ|VerbForm=Inf|Voice=Act	לָחַץ	_
7	עַל	על	ADP	ADP		עַל	_
8	כְּנִיסָה	כניסה	NOUN	NOUN	Gender=Fem|Number=Sing	כְּנִיסָה	_
9	.		PUNCT	PUNCT		.	_

# new_sentence = yes, end_paragraph=yes
# text =

# new_sentence = yes, end_paragraph=yes
# text = האם בוצע קישור היישומון לחשבון המשתמש?

1	הַאִם	אם	ADV	ADV	PronType=Int	אִם	_
2	בֻּצַּע	בוצע	VERB	VERB	Gender=Masc|HebBinyan=PUAL|HebRoot=בצע|Number=Sing|Person=3|Tense=Past|Voice=Pass	בֻּצַּע	_
3	קִשּׁוּר	קישור	NOUN	NOUN	Definite=Cons|Gender=Masc|Number=Sing	קִשּׁוּר	_
4-5	הַיִּשּׂוּמוֹן	_	_	_	_
4	ה	ה	DET	DET	PronType=Art
5	יִּשּׂוּמוֹן	יישומון	NOUN	NOUN	Gender=Masc|Number=Sing	יִשּׂוּמוֹן	_
6-7	לְחֶשְׁבּוֹן	_	_	_	_
6	לְ	ל	ADP	ADP
7	חֶשְׁבּוֹן	חשבון	NOUN	NOUN	Gender=Masc|Number=Sing	חֶשְׁבּוֹן	_
8-9	הַמִּשְׁתַּמֵּשׁ	_	_	_	_
8	ה	ה	DET	DET	PronType=Art
9	מִּשְׁתַּמֵּשׁ	משתמש	NOUN	NOUN	Gender=Masc|Number=Sing	מִשְׁתַּמֵּשׁ	_
10	?		PUNCT	PUNCT		?	_

# new_sentence = yes, end_paragraph=yes
# text = לא בוצע קישור

1	לֹא	לא	ADV	ADV	Polarity=Neg|PronType=Neg	לֹא	_
2	בֻּצַּע	בוצע	VERB	VERB	Gender=Masc|HebBinyan=PUAL|HebRoot=בצע|Number=Sing|Person=3|Tense=Past|Voice=Pass	בֻּצַּע	_
3	קִשּׁוּר	קישור	NOUN	NOUN	Gender=Masc|Number=Sing	קִשּׁוּר	_

# new_sentence = yes, end_paragraph=yes
# text = קישור יישומון

1	קִשּׁוּר	קישור	NOUN	NOUN	Gender=Masc|Number=Sing	קִשּׁוּר	_
2	יִשּׂוּמוֹן	יישומון	NOUN	NOUN	Gender=Masc|Number=Sing	יִשּׂוּמוֹן	_

# new_sentence = yes, end_paragraph=yes
# text = הזנת פרטים

1	הֲזָנַת	הזנה	NOUN	NOUN	Definite=Cons|Gender=Fem|Number=Sing	הֲזָנָה	_
2	פְּרָטִים	פרט	NOUN	NOUN	Gender=Masc|Number=Plur	פְּרָט	_

# new_sentence = yes, end_paragraph=no
# text = יש להזין את מספר הזהות והסיסמה לאזור האישי, ולאחר מכן ללחוץ על ""כניסה"". 
1	יֵשׁ	יש	AUX	AUX	VerbType=Mod	יֵשׁ	_
2	לְהָזִין	הזין	VERB	VERB	HebBinyan=HIFIL|HebRoot=זון|VerbForm=Inf|Voice=Act	הֵזִין	_
3	אֶת	את	ADP	ADP		אֶת	_
4	מִסְפַּר	מספר	NOUN	NOUN	Definite=Cons|Gender=Masc|Number=Sing	מִסְפָּר	_
5-6	הַזֶּהוּת	_	_	_	_
5	ה	ה	DET	DET	PronType=Art
6	זֶּהוּת	זהות	NOUN	NOUN	Gender=Fem|Number=Sing	זֶהוּת	_
7-9	וְהַסִּיסְמָה	_	_	_	_
7	וְ	ו	CCONJ	CCONJ
8	ה	ה	DET	DET	PronType=Art
9	סִּיסְמָה	סיסמה	NOUN	NOUN	Gender=Fem|Number=Sing	סִיסְמָה	_
10-11	לְאֵזוֹר	_	_	_	_
10	לְ	ל	ADP	ADP
11	אֵזוֹר	אזור	NOUN	NOUN	Gender=Masc|Number=Sing	אֵזוֹר	_
12-13	הָאִישִׁי	_	_	_	_
12	ה	ה	DET	DET	PronType=Art
13	אִישִׁי	אישי	ADJ	ADJ	Gender=Masc|Number=Sing	אִישִׁי	_
14-17	, וּלְאַחַר	_	_	_	_
14	,		PUNCT	PUNCT		,	_
15	 		X	X	DictaNote=Unknown	 	_
16	וּ	ו	CCONJ	CCONJ
17	לְאַחַר	לאחר	ADP	ADP		לְאַחַר	_
18-19	מִכֵּן	_	_	_	_
18	מִ	מ	ADP	ADP
19	כֵּן	כן	NOUN	NOUN	Gender=Masc|Number=Sing	כֵּן	_
20	לִלְחֹץ	לחץ	VERB	VERB	HebBinyan=PAAL|HebRoot=לחץ|VerbForm=Inf|Voice=Act	לָחַץ	_
21	עַל	על	ADP	ADP		עַל	_
22-23	 ""כְּנִיסָה	_	_	_	_
22	 ""		X	X	DictaNote=Unknown	 ""	_
23	כְּנִיסָה	כניסה	NOUN	NOUN	Gender=Fem|Number=Sing	כְּנִיסָה	_
24	"		PUNCT	PUNCT		"	_
25	"		PUNCT	PUNCT		"	_
26	.		PUNCT	PUNCT		.	_
27	 		X	X	DictaNote=Unknown	 	_

# new_sentence = yes, end_paragraph=yes
# text = "

1	"		PUNCT	PUNCT		"	_

# new_sentence = yes, end_paragraph=yes
# text = הזנת קוד אימות

1	הֲזָנַת	הזנה	NOUN	NOUN	Definite=Cons|Gender=Fem|Number=Sing	הֲזָנָה	_
2	קוֹד	קוד	NOUN	NOUN	Definite=Cons|Gender=Masc|Number=Sing	קוֹד	_
3	אִמּוּת	אימות	NOUN	NOUN	Gender=Masc|Number=Sing	אִמּוּת	_

# new_sentence = yes, end_paragraph=no
# text = יש להזין את קוד האימות שנשלח אל הלקוח בטלפון.
1	יֵשׁ	יש	AUX	AUX	VerbType=Mod	יֵשׁ	_
2	לְהָזִין	הזין	VERB	VERB	HebBinyan=HIFIL|HebRoot=זון|VerbForm=Inf|Voice=Act	הֵזִין	_
3	אֶת	את	ADP	ADP		אֶת	_
4	קוֹד	קוד	NOUN	NOUN	Definite=Cons|Gender=Masc|Number=Sing	קוֹד	_
5-6	הָאִמּוּת	_	_	_	_
5	ה	ה	DET	DET	PronType=Art
6	אִמּוּת	אימות	NOUN	NOUN	Gender=Masc|Number=Sing	אִמּוּת	_
7-8	שֶׁנִּשְׁלַח	_	_	_	_
7	שֶׁ	ש	SCONJ	SCONJ
8	נִּשְׁלַח	נשלח	VERB	VERB	Gender=Masc|HebBinyan=NIFAL|HebRoot=שׁלח|Number=Sing|Person=3|Tense=Past|Voice=Mid	נִשְׁלַח	_
9	אֶל	אל	ADP	ADP		אֶל	_
10-11	הַלָּקוֹחַ	_	_	_	_
10	ה	ה	DET	DET	PronType=Art
11	לָּקוֹחַ	לקוח	NOUN	NOUN	Gender=Masc|Number=Sing	לָקוֹחַ	_
12-14	בַּטֵּלֵפוֹן	_	_	_	_
12	בַּ	ב	ADP	ADP
13	ה_	ה	DET	DET	PronType=Art
14	טֵּלֵפוֹן	טלפון	NOUN	NOUN	Gender=Masc|Number=Sing	טֵלֵפוֹן	_
15	.		PUNCT	PUNCT		.	_

# new_sentence = yes, end_paragraph=yes
# text =

# new_sentence = yes, end_paragraph=yes
# text = התקנת היישומון

1	הַתְקָנַת	התקנה	NOUN	NOUN	Definite=Cons|Gender=Fem|Number=Sing	הַתְקָנָה	_
2-3	הַיִּשּׂוּמוֹן	_	_	_	_
2	ה	ה	DET	DET	PronType=Art
3	יִּשּׂוּמוֹן	יישומון	NOUN	NOUN	Gender=Masc|Number=Sing	יִשּׂוּמוֹן	_

# new_sentence = yes, end_paragraph=no
# text = ניתן להתקין את היישומון באחת הדרכים הבאות: 
1	נִתָּן	נתן	AUX	AUX	Gender=Masc|Number=Sing|Person=1,2,3|VerbType=Mod	נתן	_
2	לְהַתְקִין	התקין	VERB	VERB	HebBinyan=HIFIL|HebRoot=תקן|VerbForm=Inf|Voice=Act	הִתְקִין	_
3	אֶת	את	ADP	ADP		אֶת	_
4-5	הַיִּשּׂוּמוֹן	_	_	_	_
4	ה	ה	DET	DET	PronType=Art
5	יִּשּׂוּמוֹן	יישומון	NOUN	NOUN	Gender=Masc|Number=Sing	יִשּׂוּמוֹן	_
6-7	בְּאַחַת	_	_	_	_
6	בְּ	ב	ADP	ADP
7	אַחַת	אחד	NUM	NUM	Gender=Fem|Number=Sing	אֶחָד	_
8-9	הַדְּרָכִים	_	_	_	_
8	ה	ה	DET	DET	PronType=Art
9	דְּרָכִים	דרך	NOUN	NOUN	Gender=Fem|Number=Plur	דֶּרֶךְ	_
10-11	הַבָּאוֹת	_	_	_	_
10	ה	ה	DET	DET	PronType=Art
11	בָּאוֹת	בא	ADJ	ADJ	Gender=Fem|Number=Plur	בָּא	_
12	:		PUNCT	PUNCT		:	_
13	 		X	X	DictaNote=Unknown	 	_

# new_sentence = yes, end_paragraph=no
# text = * דרך הקישורים באתר. 
1-3	* דֶּרֶךְ	_	_	_	_
1	*		PUNCT	PUNCT		*	_
2	 		X	X	DictaNote=Unknown	 	_
3	דֶּרֶךְ	דרך	NOUN	NOUN	Definite=Cons|Gender=Fem|Number=Sing	דֶּרֶךְ	_
4-5	הַקִּשּׁוּרִים	_	_	_	_
4	ה	ה	DET	DET	PronType=Art
5	קִּשּׁוּרִים	קישור	NOUN	NOUN	Gender=Masc|Number=Plur	קִשּׁוּר	_
6-8	בָּאֲתָר	_	_	_	_
6	בָּ	ב	ADP	ADP
7	ה_	ה	DET	DET	PronType=Art
8	אֲתָר	אתר	NOUN	NOUN	Gender=Masc|Number=Sing	אֲתָר	_
9	.		PUNCT	PUNCT		.	_
10	 		X	X	DictaNote=Unknown	 	_

# new_sentence = yes, end_paragraph=no
# text = * דרך הקישור שנשלח בהודעה, בשלב הקודם. 
1-3	* דֶּרֶךְ	_	_	_	_
1	*		PUNCT	PUNCT		*	_
2	 		X	X	DictaNote=Unknown	 	_
3	דֶּרֶךְ	דרך	ADP	ADP		דֶּרֶךְ	_
4-5	הַקִּשּׁוּר	_	_	_	_
4	ה	ה	DET	DET	PronType=Art
5	קִּשּׁוּר	קישור	NOUN	NOUN	Gender=Masc|Number=Sing	קִשּׁוּר	_
6-7	שֶׁנִּשְׁלַח	_	_	_	_
6	שֶׁ	ש	SCONJ	SCONJ
7	נִּשְׁלַח	נשלח	VERB	VERB	Gender=Masc|HebBinyan=NIFAL|HebRoot=שׁלח|Number=Sing|Person=3|Tense=Past|Voice=Mid	נִשְׁלַח	_
8-10	בַּהוֹדָעָה	_	_	_	_
8	בַּ	ב	ADP	ADP
9	ה_	ה	DET	DET	PronType=Art
10	הוֹדָעָה	הודעה	NOUN	NOUN	Gender=Fem|Number=Sing	הוֹדָעָה	_
11-15	, בַּשָּׁלָב	_	_	_	_
11	,		PUNCT	PUNCT		,	_
12	 		X	X	DictaNote=Unknown	 	_
13	בַּ	ב	ADP	ADP
14	ה_	ה	DET	DET	PronType=Art
15	שָּׁלָב	שלב	NOUN	NOUN	Gender=Masc|Number=Sing	שָׁלָב	_
16-17	הַקּוֹדֵם	_	_	_	_
16	ה	ה	DET	DET	PronType=Art
17	קּוֹדֵם	קודם	ADJ	ADJ	Gender=Masc|Number=Sing	קוֹדֵם	_
18	.		PUNCT	PUNCT		.	_
19	 		X	X	DictaNote=Unknown	 	_

# new_sentence = yes, end_paragraph=no
# text = * ישירות מחנות האפליקציות, יש לחפש את היישומון GovID.
1-3	* יְשִׁירוֹת	_	_	_	_
1	*		PUNCT	PUNCT		*	_
2	 		X	X	DictaNote=Unknown	 	_
3	יְשִׁירוֹת	ישירות	ADV	ADV		יְשִׁירוֹת	_
4-5	מֵחֲנוּת	_	_	_	_
4	מֵ	מ	ADP	ADP
5	חֲנוּת	חנות	NOUN	NOUN	Definite=Cons|Gender=Fem|Number=Sing	חֲנוּת	_
6-7	הָאַפְּלִיקַצְיוֹת	_	_	_	_
6	ה	ה	DET	DET	PronType=Art
7	אַפְּלִיקַצְיוֹת	אפליקציה	NOUN	NOUN	Gender=Fem|Number=Plur	אַפְּלִיקַצְיָה	_
8-10	, יֵשׁ	_	_	_	_
8	,		PUNCT	PUNCT		,	_
9	 		X	X	DictaNote=Unknown	 	_
10	יֵשׁ	יש	AUX	AUX	VerbType=Mod	יֵשׁ	_
11	לְחַפֵּשׂ	חיפש	VERB	VERB	HebBinyan=PIEL|HebRoot=חפשׂ|VerbForm=Inf|Voice=Act	חִפֵּשׂ	_
12	אֶת	את	ADP	ADP		אֶת	_
13-14	הַיִּשּׂוּמוֹן	_	_	_	_
13	ה	ה	DET	DET	PronType=Art
14	יִּשּׂוּמוֹן	יישומון	NOUN	NOUN	Gender=Masc|Number=Sing	יִשּׂוּמוֹן	_
15	GovID		X	X	DictaNote=Foreign	GovID	_
16	.		PUNCT	PUNCT		.	_

# new_sentence = yes, end_paragraph=yes
# text =

# new_sentence = yes, end_paragraph=yes
# text = קביעת סיסמה

1	קְבִיעַת	קביעה	NOUN	NOUN	Definite=Cons|Gender=Fem|Number=Sing	קְבִיעָה	_
2	סִיסְמָה	סיסמה	NOUN	NOUN	Gender=Fem|Number=Sing	סִיסְמָה	_

# new_sentence = yes, end_paragraph=no
# text = את הסיסמה, בת 6 ספרות, יש להזין ביישומון, ולאחר מכן להזין שנית לאימות, על מנת להמשיך לשלב הבא.
1	אֶת	את	ADP	ADP		אֶת	_
2-3	הַסִּסְמָה	_	_	_	_
2	ה	ה	DET	DET	PronType=Art
3	סִּסְמָה	ססמה	NOUN	NOUN	Gender=Fem|Number=Sing	סִסְמָה	_
4-6	, בַּת	_	_	_	_
4	,		PUNCT	PUNCT		,	_
5	 		X	X	DictaNote=Unknown	 	_
6	בַּת	בת	NOUN	NOUN	Definite=Cons|Gender=Fem|Number=Sing	בַּת	_
7-8	6סְפָרוֹת	_	_	_	_
7	6		NUM	NUM		6	_
8	סְפָרוֹת	ספרה	NOUN	NOUN	Gender=Fem|Number=Plur	סִפְרָה	_
9-11	, יֵשׁ	_	_	_	_
9	,		PUNCT	PUNCT		,	_
10	 		X	X	DictaNote=Unknown	 	_
11	יֵשׁ	יש	AUX	AUX	VerbType=Mod	יֵשׁ	_
12	לְהָזִין	הזין	VERB	VERB	HebBinyan=HIFIL|HebRoot=זון|VerbForm=Inf|Voice=Act	הֵזִין	_
13-14	בְּיִשּׂוּמוֹן	_	_	_	_
13	בְּ	ב	ADP	ADP
14	יִשּׂוּמוֹן	יישומון	NOUN	NOUN	Gender=Masc|Number=Sing	יִשּׂוּמוֹן	_
15-18	, וּלְאַחַר	_	_	_	_
15	,		PUNCT	PUNCT		,	_
16	 		X	X	DictaNote=Unknown	 	_
17	וּ	ו	CCONJ	CCONJ
18	לְאַחַר	לאחר	ADP	ADP		לְאַחַר	_
19-20	מִכֵּן	_	_	_	_
19	מִ	מ	ADP	ADP
20	כֵּן	כן	NOUN	NOUN	Gender=Masc|Number=Sing	כֵּן	_
21	לְהָזִין	הזין	VERB	VERB	HebBinyan=HIFIL|HebRoot=זון|VerbForm=Inf|Voice=Act	הֵזִין	_
22	שֵׁנִית	שנית	ADV	ADV	ADV|NumType=Ord	שֵׁנִית	_
23-24	לְאִמּוּת	_	_	_	_
23	לְ	ל	ADP	ADP
24	אִמּוּת	אימות	NOUN	NOUN	Gender=Masc|Number=Sing	אִמּוּת	_
25-27	, עַל	_	_	_	_
25	,		PUNCT	PUNCT		,	_
26	 		X	X	DictaNote=Unknown	 	_
27	עַל	על	ADP	ADP		עַל	_
28	מְנַת	מנת	NOUN	NOUN	Definite=Cons|Gender=Fem|Number=Sing	מְנָת	_
29	לְהַמְשִׁיךְ	המשיך	VERB	VERB	HebBinyan=HIFIL|HebRoot=משׁך|VerbForm=Inf|Voice=Act	הִמְשִׁיךְ	_
30-32	לַשָּׁלָב	_	_	_	_
30	לַ	ל	ADP	ADP
31	ה_	ה	DET	DET	PronType=Art
32	שָּׁלָב	שלב	NOUN	NOUN	Gender=Masc|Number=Sing	שָׁלָב	_
33-34	הַבָּא	_	_	_	_
33	ה	ה	DET	DET	PronType=Art
34	בָּא	בא	VERB	VERB	Gender=Masc|HebBinyan=PAAL|HebRoot=בוא|Number=Sing|Person=1,2,3|VerbForm=Part|Voice=Act	בָּא	_
35	.		PUNCT	PUNCT		.	_

# new_sentence = yes, end_paragraph=yes
# text =

# new_sentence = yes, end_paragraph=yes
# text = קוד QR יופיע על מסך המחשב, אותו יש לסרוק באמצעות הסורק שייפתח ביישומון:

1	קוֹד	קוד	NOUN	NOUN	Gender=Masc|Number=Sing	קוֹד	_
2-3	QRיוֹפִיעַ	_	_	_	_
2	QR		X	X	DictaNote=Foreign	QR	_
3	יוֹפִיעַ	הופיע	VERB	VERB	Gender=Masc|HebBinyan=HIFIL|HebRoot=יפע|Number=Sing|Person=3|Tense=Fut|Voice=Act	הוֹפִיעַ	_
4	עַל	על	ADP	ADP		עַל	_
5	מָסַךְ	מסך	NOUN	NOUN	Definite=Cons|Gender=Masc|Number=Sing	מָסָךְ	_
6-7	הַמַּחְשֵׁב	_	_	_	_
6	ה	ה	DET	DET	PronType=Art
7	מַּחְשֵׁב	מחשיב	NOUN	NOUN	Gender=Masc|Number=Sing	מַחְשֵׁב	_
8-11	, אוֹתוֹ	_	_	_	_
8	,		PUNCT	PUNCT		,	_
9	 		X	X	DictaNote=Unknown	 	_
10	_את	את	ADP	ADP	Case=Acc	את	_
11	הוא_	הוא_	PRON	PRON	Gender=Masc|Number=Sing|Person=3	הוא_	_
12	יֵשׁ	יש	AUX	AUX	VerbType=Mod	יֵשׁ	_
13	לִסְרֹק	סרק	VERB	VERB	HebBinyan=PAAL|HebRoot=סרק|VerbForm=Inf|Voice=Act	סָרַק	_
14	בְּאֶמְצָעוּת	באמצעות	ADP	ADP		בְּאֶמְצָעוּת	_
15-16	הַסּוֹרֵק	_	_	_	_
15	ה	ה	DET	DET	PronType=Art
16	סּוֹרֵק	סורק	NOUN	NOUN	Gender=Masc|Number=Sing	סוֹרֵק	_
17-18	שֶׁיִּפָּתַח	_	_	_	_
17	שֶׁ	ש	SCONJ	SCONJ
18	יִּפָּתַח	נפתח	VERB	VERB	Gender=Masc|HebBinyan=NIFAL|HebRoot=פתח|Number=Sing|Person=3|Tense=Fut|Voice=Mid	נִפְתַּח	_
19-20	בְּיִשּׂוּמוֹן	_	_	_	_
19	בְּ	ב	ADP	ADP
20	יִשּׂוּמוֹן	יישומון	NOUN	NOUN	Gender=Masc|Number=Sing	יִשּׂוּמוֹן	_
21	:		PUNCT	PUNCT		:	_

# new_sentence = yes, end_paragraph=yes
# text = בחירת שם מכשיר

1	בְּחִירַת	בחירה	NOUN	NOUN	Definite=Cons|Gender=Fem|Number=Sing	בְּחִירָה	_
2	שֵׁם	שם	NOUN	NOUN	Definite=Cons|Gender=Masc|Number=Sing	שֵׁם	_
3	מַכְשִׁיר	מכשיר	NOUN	NOUN	Gender=Masc|Number=Sing	מַכְשִׁיר	_

# new_sentence = yes, end_paragraph=yes
# text = במסך האחרון, יוכל הלקוח לבחור את שם המכשיר איתו הוא מתחבר דרך היישומון:

1-3	בַּמָּסָךְ	_	_	_	_
1	בַּ	ב	ADP	ADP
2	ה_	ה	DET	DET	PronType=Art
3	מָּסָךְ	מסך	NOUN	NOUN	Gender=Masc|Number=Sing	מָסָךְ	_
4-5	הָאַחֲרוֹן	_	_	_	_
4	ה	ה	DET	DET	PronType=Art
5	אַחֲרוֹן	אחרון	ADJ	ADJ	Gender=Masc|Number=Sing	אַחֲרוֹן	_
6-8	, יוּכַל	_	_	_	_
6	,		PUNCT	PUNCT		,	_
7	 		X	X	DictaNote=Unknown	 	_
8	יוּכַל	יכל	AUX	AUX	Gender=Masc|Number=Sing|Person=3|Tense=Fut|VerbType=Mod	יכל	_
9-10	הַלָּקוֹחַ	_	_	_	_
9	ה	ה	DET	DET	PronType=Art
10	לָּקוֹחַ	לקוח	NOUN	NOUN	Gender=Masc|Number=Sing	לָקוֹחַ	_
11	לִבְחֹר	בחר	VERB	VERB	HebBinyan=PAAL|HebRoot=בחר|VerbForm=Inf|Voice=Act	בָּחַר	_
12	אֶת	את	ADP	ADP		אֶת	_
13	שֵׁם	שם	NOUN	NOUN	Definite=Cons|Gender=Masc|Number=Sing	שֵׁם	_
14-15	הַמַּכְשִׁיר	_	_	_	_
14	ה	ה	DET	DET	PronType=Art
15	מַּכְשִׁיר	מכשיר	NOUN	NOUN	Gender=Masc|Number=Sing	מַכְשִׁיר	_
16-17	אִתּוֹ	_	_	_	_
16	את_	את	ADP	ADP		אֶת	_
17	_הוא	הוא	PRON	PRON	Gender=Masc|Number=Sing|Person=3|PronType=Prs
18	הוּא	הוא	PRON	PRON	Gender=Masc|Number=Sing|Person=3|PronType=Prs	הוא	_
19	מִתְחַבֵּר	התחבר	VERB	VERB	Gender=Masc|HebBinyan=HITPAEL|HebRoot=חבר|Number=Sing|Person=1,2,3|VerbForm=Part	הִתְחַבֵּר	_
20	דֶּרֶךְ	דרך	ADP	ADP		דֶּרֶךְ	_
21-22	הַיִּשּׂוּמוֹן	_	_	_	_
21	ה	ה	DET	DET	PronType=Art
22	יִּשּׂוּמוֹן	יישומון	NOUN	NOUN	Gender=Masc|Number=Sing	יִשּׂוּמוֹן	_
23	:		PUNCT	PUNCT		:	_

# new_sentence = yes, end_paragraph=yes
# text = האם המשתמש מחובר לרשת ווייפיי?

1	הַאִם	אם	ADV	ADV	PronType=Int	אִם	_
2-3	הַמִּשְׁתַּמֵּשׁ	_	_	_	_
2	ה	ה	DET	DET	PronType=Art
3	מִּשְׁתַּמֵּשׁ	משתמש	NOUN	NOUN	Gender=Masc|Number=Sing	מִשְׁתַּמֵּשׁ	_
4	מְחֻבָּר	חובר	VERB	VERB	Gender=Masc|HebBinyan=PUAL|HebRoot=חבר|Number=Sing|Person=1,2,3|VerbForm=Part|Voice=Pass	חֻבַּר	_
5-6	לְרֶשֶׁת	_	_	_	_
5	לְ	ל	ADP	ADP
6	רֶשֶׁת	רשת	NOUN	NOUN	Gender=Fem|Number=Sing	רֶשֶׁת	_
7	וָיְפְּי		ADJ	ADJ	Gender=Masc|Number=Sing		_
8	?		PUNCT	PUNCT		?	_

# new_sentence = yes, end_paragraph=no
# text = יש לבצע ניתוק מרשת הווייפיי אליה מחובר ולהדריך את המשתמש לבצע את הסריקה שנית.
1	יֵשׁ	יש	AUX	AUX	VerbType=Mod	יֵשׁ	_
2	לְבַצֵּעַ	ביצע	VERB	VERB	HebBinyan=PIEL|HebRoot=בצע|VerbForm=Inf|Voice=Act	בִּצֵּעַ	_
3	נִתּוּק	ניתוק	NOUN	NOUN	Gender=Masc|Number=Sing	נִתּוּק	_
4-5	מֵרֶשֶׁת	_	_	_	_
4	מֵ	מ	ADP	ADP
5	רֶשֶׁת	רשת	NOUN	NOUN	Definite=Cons|Gender=Fem|Number=Sing	רֶשֶׁת	_
6-7	הַוָּיְפִּי	_	_	_	_
6	ה	ה	DET	DET	PronType=Art
7	וָּיְפִּי		PROPN	PROPN	Gender=Fem|Number=Sing		_
8-9	אֵלֶיהָ	_	_	_	_
8	אל_	אל	ADP	ADP		אֶל	_
9	_היא	היא	PRON	PRON	Gender=Fem|Number=Sing|Person=3|PronType=Prs
10	מְחֻבָּר	חובר	VERB	VERB	Gender=Masc|HebBinyan=PUAL|HebRoot=חבר|Number=Sing|Person=1,2,3|VerbForm=Part|Voice=Pass	חֻבַּר	_
11-12	וּלְהַדְרִיךְ	_	_	_	_
11	וּ	ו	CCONJ	CCONJ
12	לְהַדְרִיךְ	הדריך	VERB	VERB	HebBinyan=HIFIL|HebRoot=דרך|VerbForm=Inf|Voice=Act	הִדְרִיךְ	_
13	אֶת	את	ADP	ADP		אֶת	_
14-15	הַמִּשְׁתַּמֵּשׁ	_	_	_	_
14	ה	ה	DET	DET	PronType=Art
15	מִּשְׁתַּמֵּשׁ	משתמש	NOUN	NOUN	Gender=Masc|Number=Sing	מִשְׁתַּמֵּשׁ	_
16	לְבַצֵּעַ	ביצע	VERB	VERB	HebBinyan=PIEL|HebRoot=בצע|VerbForm=Inf|Voice=Act	בִּצֵּעַ	_
17	אֶת	את	ADP	ADP		אֶת	_
18-19	הַסְּרִיקָה	_	_	_	_
18	ה	ה	DET	DET	PronType=Art
19	סְּרִיקָה	סריקה	NOUN	NOUN	Gender=Fem|Number=Sing	סְרִיקָה	_
20	שֵׁנִית	שנית	ADV	ADV	ADV|NumType=Ord	שֵׁנִית	_
21	.		PUNCT	PUNCT		.	_

# new_sentence = yes, end_paragraph=yes
# text =

# new_sentence = yes, end_paragraph=no
# text = יש להעביר את הפנייה לטיפול קו־2 וזאת לאחר קבלת אישור מנציג בכיר. 
1	יֵשׁ	יש	AUX	AUX	VerbType=Mod	יֵשׁ	_
2	לְהַעֲבִיר	העביר	VERB	VERB	HebBinyan=HIFIL|HebRoot=עבר|VerbForm=Inf|Voice=Act	הֶעֱבִיר	_
3	אֶת	את	ADP	ADP		אֶת	_
4-5	הַפְּנִיָּה	_	_	_	_
4	ה	ה	DET	DET	PronType=Art
5	פְּנִיָּה	פנייה	NOUN	NOUN	Gender=Fem|Number=Sing	פְּנִיָּה	_
6-7	לְטִפּוּל	_	_	_	_
6	לְ	ל	ADP	ADP
7	טִפּוּל	טיפול	NOUN	NOUN	Gender=Masc|Number=Sing	טִפּוּל	_
8	קַו	קו	NOUN	NOUN	Gender=Masc|Number=Sing	קַו	_
9	־		PUNCT	PUNCT		־	_
10-12	2וְזֹאת	_	_	_	_
10	2		NUM	NUM		2	_
11	וְ	ו	CCONJ	CCONJ
12	זֹאת	זה	PRON	PRON	Gender=Fem|Number=Sing|Person=3|PronType=Dem	זֶה	_
13	לְאַחַר	לאחר	ADP	ADP		לְאַחַר	_
14	קַבָּלַת	קבלה	NOUN	NOUN	Definite=Cons|Gender=Fem|Number=Sing	קַבָּלָה	_
15	אִשּׁוּר	אישור	NOUN	NOUN	Gender=Masc|Number=Sing	אִשּׁוּר	_
16-17	מִנָּצִיג	_	_	_	_
16	מִ	מ	ADP	ADP
17	נָּצִיג	נציג	NOUN	NOUN	Gender=Masc|Number=Sing	נָצִיג	_
18	בָּכִיר	בכיר	ADJ	ADJ	Gender=Masc|Number=Sing	בָּכִיר	_
19	.		PUNCT	PUNCT		.	_
20	 		X	X	DictaNote=Unknown	 	_

# new_sentence = yes, end_paragraph=no
# text = בפנייה יש לציין את פרטיו של האזרח ביחד עם ציון של המפעיל הסלולרי ומפעיל האינטרנט עימם משתמש.
1-3	בַּפְּנִיָּה	_	_	_	_
1	בַּ	ב	ADP	ADP
2	ה_	ה	DET	DET	PronType=Art
3	פְּנִיָּה	פנייה	NOUN	NOUN	Gender=Fem|Number=Sing	פְּנִיָּה	_
4	יֵשׁ	יש	AUX	AUX	VerbType=Mod	יֵשׁ	_
5	לְצַיֵּן	ציין	VERB	VERB	HebBinyan=PIEL|HebRoot=צין|VerbForm=Inf|Voice=Act	צִיֵּן	_
6	אֶת	את	ADP	ADP		אֶת	_
7-9	פְּרָטָיו	_	_	_	_
7	פרט_	פרט	NOUN	NOUN	Definite=Def|Gender=Masc|Number=Plur	פְּרָט	_
8	_של_	של	ADP	ADP	_
9	_הוא	הוא	PRON	PRON	Case=Gen|Gender=Masc|Number=Sing|Person=3|PronType=Prs
10	שֶׁל	של	ADP	ADP		שֶׁל	_
11-12	הָאֶזְרָח	_	_	_	_
11	ה	ה	DET	DET	PronType=Art
12	אֶזְרָח	אזרח	NOUN	NOUN	Gender=Masc|Number=Sing	אֶזְרָח	_
13	בְּיַחַד	יחד	ADV	ADV		יַחַד	_
14	עִם	עם	ADP	ADP		עִם	_
15	צִיּוֹן	ציון	NOUN	NOUN	Gender=Fem|Number=Sing	צִיּוֹן	_
16	שֶׁל	של	ADP	ADP		שֶׁל	_
17-18	הַמַּפְעִיל	_	_	_	_
17	ה	ה	DET	DET	PronType=Art
18	מַּפְעִיל	מפעיל	NOUN	NOUN	Gender=Masc|Number=Sing	מַפְעִיל	_
19-20	הַסֵּלוֹלָרִי	_	_	_	_
19	ה	ה	DET	DET	PronType=Art
20	סֵּלוֹלָרִי	סלולרי	ADJ	ADJ	Gender=Masc|Number=Sing	סֵלוֹלָרִי	_
21-22	וּמַפְעִיל	_	_	_	_
21	וּ	ו	CCONJ	CCONJ
22	מַפְעִיל	מפעיל	NOUN	NOUN	Definite=Cons|Gender=Masc|Number=Sing	מַפְעִיל	_
23-24	הָאִינְטֶרְנֵט	_	_	_	_
23	ה	ה	DET	DET	PronType=Art
24	אִינְטֶרְנֵט	אינטרנט	NOUN	NOUN	Gender=Masc|Number=Sing	אִינְטֶרְנֵט	_
25-26	עִמָּם	_	_	_	_
25	עם_	עם	ADP	ADP		עִם	_
26	_הם	הם	PRON	PRON	Gender=Masc|Number=Plur|Person=3|PronType=Prs
27	מִשְׁתַּמֵּשׁ	השתמש	VERB	VERB	Gender=Masc|HebBinyan=HITPAEL|HebRoot=שׁמשׁ|Number=Sing|Person=1,2,3|VerbForm=Part	הִשְׁתַּמֵּשׁ	_
28	.		PUNCT	PUNCT		.	_

# new_sentence = yes, end_paragraph=yes
# text =

# new_sentence = yes, end_paragraph=no
# text = יש לבצע הסרה לאפליקציה ולהתקינה מחדש.
1	יֵשׁ	יש	AUX	AUX	VerbType=Mod	יֵשׁ	_
2	לְבַצֵּעַ	ביצע	VERB	VERB	HebBinyan=PIEL|HebRoot=בצע|VerbForm=Inf|Voice=Act	בִּצֵּעַ	_
3	הֲסָרָה	הסרה	NOUN	NOUN	Gender=Fem|Number=Sing	הֲסָרָה	_
4-6	לָאַפְּלִיקַצְיָה	_	_	_	_
4	לָ	ל	ADP	ADP
5	ה_	ה	DET	DET	PronType=Art
6	אַפְּלִיקַצְיָה	אפליקציה	NOUN	NOUN	Gender=Fem|Number=Sing	אַפְּלִיקַצְיָה	_
7-11	וּלְהֶתְקֵנָהּ	_	_	_	_
7	וּ	ו	CCONJ	CCONJ
8	לְ	ל	ADP	ADP
9	התקן_	התקן	NOUN	NOUN	Definite=Def|Gender=Masc|Number=Sing	הֶתְקֵן	_
10	_של_	של	ADP	ADP	_
11	_היא	היא	PRON	PRON	Case=Gen|Gender=Fem|Number=Sing|Person=3|PronType=Prs
12	מֵחָדָשׁ	חדש	ADV	ADV		חָדָשׁ	_
13	.		PUNCT	PUNCT		.	_

# new_sentence = yes, end_paragraph=yes
# text =

# new_sentence = yes, end_paragraph=no
# text = לאחר ההתקנה המחודשת, יש לבצע את הסריקה שוב.
1	לְאַחַר	לאחר	ADP	ADP		לְאַחַר	_
2-3	הַהַתְקָנָה	_	_	_	_
2	ה	ה	DET	DET	PronType=Art
3	הַתְקָנָה	התקנה	NOUN	NOUN	Gender=Fem|Number=Sing	הַתְקָנָה	_
4-5	הַמְּחֻדֶּשֶׁת	_	_	_	_
4	ה	ה	DET	DET	PronType=Art
5	מְּחֻדֶּשֶׁת	מחודש	ADJ	ADJ	Gender=Fem|Number=Sing	מְחֻדָּשׁ	_
6-8	, יֵשׁ	_	_	_	_
6	,		PUNCT	PUNCT		,	_
7	 		X	X	DictaNote=Unknown	 	_
8	יֵשׁ	יש	AUX	AUX	VerbType=Mod	יֵשׁ	_
9	לְבַצֵּעַ	ביצע	VERB	VERB	HebBinyan=PIEL|HebRoot=בצע|VerbForm=Inf|Voice=Act	בִּצֵּעַ	_
10	אֶת	את	ADP	ADP		אֶת	_
11-12	הַסְּרִיקָה	_	_	_	_
11	ה	ה	DET	DET	PronType=Art
12	סְּרִיקָה	סריקה	NOUN	NOUN	Gender=Fem|Number=Sing	סְרִיקָה	_
13	שׁוּב	שוב	ADV	ADV		שׁוּב	_
14	.		PUNCT	PUNCT		.	_

# new_sentence = yes, end_paragraph=yes
# text =

# new_sentence = yes, end_paragraph=yes
# text = האם סריקת קוד ה-QR התבצעה בהצלחה?

1	הַאִם	אם	ADV	ADV	PronType=Int	אִם	_
2	סְרִיקַת	סריקה	NOUN	NOUN	Definite=Cons|Gender=Fem|Number=Sing	סְרִיקָה	_
3	קוֹד	קוד	NOUN	NOUN	Definite=Cons|Gender=Masc|Number=Sing	קוֹד	_
4	הַ	ה	ADV	ADV	Prefix=Yes	הַ	_
5	-		PUNCT	PUNCT		-	_
6-7	QRהִתְבַּצְּעָה	_	_	_	_
6	QR		X	X	DictaNote=Foreign	QR	_
7	הִתְבַּצְּעָה	התבצע	VERB	VERB	Gender=Fem|HebBinyan=HITPAEL|HebRoot=בצע|Number=Sing|Person=3|Tense=Past	הִתְבַּצֵּעַ	_
8-9	בְּהַצְלָחָה	_	_	_	_
8	בְּ	ב	ADP	ADP
9	הַצְלָחָה	הצלחה	NOUN	NOUN	Gender=Fem|Number=Sing	הַצְלָחָה	_
10	?		PUNCT	PUNCT		?	_

# new_sentence = yes, end_paragraph=no
# text = לאחר קבלת אישור מנציג בכיר, יש להעביר את הפניה לטיפול קו־2. 
1	לְאַחַר	לאחר	ADP	ADP		לְאַחַר	_
2	קַבָּלַת	קבלה	NOUN	NOUN	Definite=Cons|Gender=Fem|Number=Sing	קַבָּלָה	_
3	אִשּׁוּר	אישור	NOUN	NOUN	Gender=Masc|Number=Sing	אִשּׁוּר	_
4-5	מִנָּצִיג	_	_	_	_
4	מִ	מ	ADP	ADP
5	נָּצִיג	נציג	NOUN	NOUN	Gender=Masc|Number=Sing	נָצִיג	_
6	בָּכִיר	בכיר	ADJ	ADJ	Gender=Masc|Number=Sing	בָּכִיר	_
7-9	, יֵשׁ	_	_	_	_
7	,		PUNCT	PUNCT		,	_
8	 		X	X	DictaNote=Unknown	 	_
9	יֵשׁ	יש	AUX	AUX	VerbType=Mod	יֵשׁ	_
10	לְהַעֲבִיר	העביר	VERB	VERB	HebBinyan=HIFIL|HebRoot=עבר|VerbForm=Inf|Voice=Act	הֶעֱבִיר	_
11	אֶת	את	ADP	ADP		אֶת	_
12-13	הַפְּנִיָּה	_	_	_	_
12	ה	ה	DET	DET	PronType=Art
13	פְּנִיָּה	פנייה	NOUN	NOUN	Gender=Fem|Number=Sing	פְּנִיָּה	_
14-15	לְטִפּוּל	_	_	_	_
14	לְ	ל	ADP	ADP
15	טִפּוּל	טיפול	NOUN	NOUN	Gender=Masc|Number=Sing	טִפּוּל	_
16	קַו	קו	NOUN	NOUN	Gender=Masc|Number=Sing	קַו	_
17	־		PUNCT	PUNCT		־	_
18	2		NUM	NUM		2	_
19	.		PUNCT	PUNCT		.	_
20	 		X	X	DictaNote=Unknown	 	_

# new_sentence = yes, end_paragraph=no
# text = בפניה יש לציין את פרטי ההרשמה של האזרח, ביחד עם מספר טלפון וכתובת דואר אלקטרוני עדכניים ליצירת קשר. 
1-4	בְּפָנֶיהָ	_	_	_	_
1	בְּ	ב	ADP	ADP
2	פנים_	פנים	NOUN	NOUN	Definite=Def|Gender=Fem,Masc|Number=Plur	פָּנִים	_
3	_של_	של	ADP	ADP	_
4	_היא	היא	PRON	PRON	Case=Gen|Gender=Fem|Number=Sing|Person=3|PronType=Prs
5	יֵשׁ	יש	AUX	AUX	VerbType=Mod	יֵשׁ	_
6	לְצַיֵּן	ציין	VERB	VERB	HebBinyan=PIEL|HebRoot=צין|VerbForm=Inf|Voice=Act	צִיֵּן	_
7	אֶת	את	ADP	ADP		אֶת	_
8	פְּרָטֵי	פרט	NOUN	NOUN	Definite=Cons|Gender=Masc|Number=Plur	פְּרָט	_
9-10	הַהַרְשָׁמָה	_	_	_	_
9	ה	ה	DET	DET	PronType=Art
10	הַרְשָׁמָה	הרשמה	NOUN	NOUN	Gender=Fem|Number=Sing	הַרְשָׁמָה	_
11	שֶׁל	של	ADP	ADP		שֶׁל	_
12-13	הָאֶזְרָח	_	_	_	_
12	ה	ה	DET	DET	PronType=Art
13	אֶזְרָח	אזרח	NOUN	NOUN	Gender=Masc|Number=Sing	אֶזְרָח	_
14-16	, בְּיַחַד	_	_	_	_
14	,		PUNCT	PUNCT		,	_
15	 		X	X	DictaNote=Unknown	 	_
16	בְּיַחַד	יחד	ADV	ADV		יַחַד	_
17	עִם	עם	ADP	ADP		עִם	_
18	מִסְפַּר	מספר	NOUN	NOUN	Definite=Cons|Gender=Masc|Number=Sing	מִסְפָּר	_
19	טֵלֵפוֹן	טלפון	NOUN	NOUN	Gender=Masc|Number=Sing	טֵלֵפוֹן	_
20-21	וּכְתֹבֶת	_	_	_	_
20	וּ	ו	CCONJ	CCONJ
21	כְתֹבֶת	כתובת	NOUN	NOUN	Definite=Cons|Gender=Fem|Number=Sing	כְּתֹבֶת	_
22	דֹּאַר	דואר	NOUN	NOUN	Gender=Masc|Number=Sing	דֹּאַר	_
23	אֵלֶקְטְרוֹנִי	אלקטרוני	ADJ	ADJ	Gender=Masc|Number=Sing	אֵלֶקְטְרוֹנִי	_
24	עַדְכָּנִיִּים	עדכני	ADJ	ADJ	Gender=Masc|Number=Plur	עַדְכָּנִי	_
25-26	לִיצִירַת	_	_	_	_
25	לִ	ל	ADP	ADP
26	יצִירַת	יצירה	NOUN	NOUN	Definite=Cons|Gender=Fem|Number=Sing	יְצִירָה	_
27	קֶשֶׁר	קשר	NOUN	NOUN	Gender=Masc|Number=Sing	קֶשֶׁר	_
28	.		PUNCT	PUNCT		.	_
29	 		X	X	DictaNote=Unknown	 	_

# new_sentence = yes, end_paragraph=no
# text = כמו כן, יש לציין מיהו המפעיל הסלולרי של האזרח (פרטנר, סלקום וכו'..) וכן מיהו ספק האינטרנט של האזרח.
1	כְּמוֹ	כמו	ADP	ADP		כְּמוֹ	_
2	כֵן	כין	ADV	ADV		כֵּן	_
3-5	, יֵשׁ	_	_	_	_
3	,		PUNCT	PUNCT		,	_
4	 		X	X	DictaNote=Unknown	 	_
5	יֵשׁ	יש	AUX	AUX	VerbType=Mod	יֵשׁ	_
6	לְצַיֵּן	ציין	VERB	VERB	HebBinyan=PIEL|HebRoot=צין|VerbForm=Inf|Voice=Act	צִיֵּן	_
7-8	מִיהוּ	_	_	_	_
7	_מי	_מי	PRON	PRON	PronType=Int	_מי	_
8	הוא_	הוא_	PRON	PRON	Gender=Masc|Number=Sing|Person=3	הוא_	_
9-10	הַמַּפְעִיל	_	_	_	_
9	ה	ה	DET	DET	PronType=Art
10	מַּפְעִיל	מפעיל	NOUN	NOUN	Gender=Masc|Number=Sing	מַפְעִיל	_
11-12	הַסֵּלוֹלָרִי	_	_	_	_
11	ה	ה	DET	DET	PronType=Art
12	סֵּלוֹלָרִי	סלולרי	ADJ	ADJ	Gender=Masc|Number=Sing	סֵלוֹלָרִי	_
13	שֶׁל	של	ADP	ADP		שֶׁל	_
14-15	הָאֶזְרָח	_	_	_	_
14	ה	ה	DET	DET	PronType=Art
15	אֶזְרָח	אזרח	NOUN	NOUN	Gender=Masc|Number=Sing	אֶזְרָח	_
16-17	 (פַּרְטְנֵר	_	_	_	_
16	 (		X	X	DictaNote=Unknown	 (	_
17	פַּרְטְנֵר	פרטנר	PROPN	PROPN	Gender=Fem|Number=Sing	פַּרְטְנֵר	_
18-22	, סְלָקוּם	_	_	_	_
18	,		PUNCT	PUNCT		,	_
19	 		X	X	DictaNote=Unknown	 	_
20	סלק_	סלק	VERB	VERB	Gender=Fem,Masc|HebBinyan=PAAL|HebRoot=סלק|Number=Plur|Person=3|Tense=Past|Voice=Act	סָלַק	_
21	_את_	את	ADP	ADP	Case=Acc
22	_הם	הם	PRON	PRON	Case=Acc|Gender=Masc|Number=Plur|Person=3|PronType=Prs
23	וְכוּ'	כוליה	CCONJ	CCONJ		כּוּלֵּיהּ	_
24	וְכוּ'		CCONJ	CCONJ			_
25-30	..) וְכֵן	_	_	_	_
25	.		PUNCT	PUNCT		.	_
26	.		PUNCT	PUNCT		.	_
27	)		PUNCT	PUNCT		)	_
28	 		X	X	DictaNote=Unknown	 	_
29	וְ	ו	CCONJ	CCONJ
30	כֵן	כן	CCONJ	CCONJ		כֵּן	_
31-32	מִיהוּ	_	_	_	_
31	_מי	_מי	PRON	PRON	PronType=Int	_מי	_
32	הוא_	הוא_	PRON	PRON	Gender=Masc|Number=Sing|Person=3	הוא_	_
33	סַפַּק	ספק	NOUN	NOUN	Definite=Cons|Gender=Masc|Number=Sing	סַפָּק	_
34-35	הָאִינְטֶרְנֵט	_	_	_	_
34	ה	ה	DET	DET	PronType=Art
35	אִינְטֶרְנֵט	אינטרנט	NOUN	NOUN	Gender=Masc|Number=Sing	אִינְטֶרְנֵט	_
36	שֶׁל	של	ADP	ADP		שֶׁל	_
37-38	הָאֶזְרָח	_	_	_	_
37	ה	ה	DET	DET	PronType=Art
38	אֶזְרָח	אזרח	NOUN	NOUN	Gender=Masc|Number=Sing	אֶזְרָח	_
39	.		PUNCT	PUNCT		.	_

# new_sentence = yes, end_paragraph=yes
# text =

# new_sentence = yes, end_paragraph=yes
# text = בוצע קישור

1	בֻּצַּע	בוצע	VERB	VERB	Gender=Masc|HebBinyan=PUAL|HebRoot=בצע|Number=Sing|Person=3|Tense=Past|Voice=Pass	בֻּצַּע	_
2	קִשּׁוּר	קישור	NOUN	NOUN	Gender=Masc|Number=Sing	קִשּׁוּר	_

# new_sentence = yes, end_paragraph=yes
# text = יש לבחור בראש העמוד באפשרות הכניסה באמצעות אפליקציה

1	יֵשׁ	יש	AUX	AUX	VerbType=Mod	יֵשׁ	_
2	לִבְחֹר	בחר	VERB	VERB	HebBinyan=PAAL|HebRoot=בחר|VerbForm=Inf|Voice=Act	בָּחַר	_
3-4	בְּרֹאשׁ	_	_	_	_
3	בְּ	ב	ADP	ADP
4	רֹאשׁ	ראש	NOUN	NOUN	Definite=Cons|Gender=Masc|Number=Sing	רֹאשׁ	_
5-6	הָעַמּוּד	_	_	_	_
5	ה	ה	DET	DET	PronType=Art
6	עַמּוּד	עמוד	NOUN	NOUN	Gender=Masc|Number=Sing	עַמּוּד	_
7-8	בְּאֶפְשָׁרוּת	_	_	_	_
7	בְּ	ב	ADP	ADP
8	אֶפְשָׁרוּת	אפשרות	NOUN	NOUN	Gender=Fem|Number=Sing	אֶפְשָׁרוּת	_
9-10	הַכְּנִיסָה	_	_	_	_
9	ה	ה	DET	DET	PronType=Art
10	כְּנִיסָה	כניסה	NOUN	NOUN	Gender=Fem|Number=Sing	כְּנִיסָה	_
11	בְּאֶמְצָעוּת	באמצעות	ADP	ADP		בְּאֶמְצָעוּת	_
12	אַפְּלִיקַצְיָה	אפליקציה	NOUN	NOUN	Gender=Fem|Number=Sing	אַפְּלִיקַצְיָה	_

# new_sentence = yes, end_paragraph=no
# text = יש להזין את מספר הזהות, ומספר הטלפון או כתובת המייל איתם בוצע רישום. 
1	יֵשׁ	יש	AUX	AUX	VerbType=Mod	יֵשׁ	_
2	לְהָזִין	הזין	VERB	VERB	HebBinyan=HIFIL|HebRoot=זון|VerbForm=Inf|Voice=Act	הֵזִין	_
3	אֶת	את	ADP	ADP		אֶת	_
4	מִסְפַּר	מספר	NOUN	NOUN	Definite=Cons|Gender=Masc|Number=Sing	מִסְפָּר	_
5-6	הַזֶּהוּת	_	_	_	_
5	ה	ה	DET	DET	PronType=Art
6	זֶּהוּת	זהות	NOUN	NOUN	Gender=Fem|Number=Sing	זֶהוּת	_
7-10	, וּמִסְפַּר	_	_	_	_
7	,		PUNCT	PUNCT		,	_
8	 		X	X	DictaNote=Unknown	 	_
9	וּ	ו	CCONJ	CCONJ
10	מִסְפַּר	מספר	NOUN	NOUN	Definite=Cons|Gender=Masc|Number=Sing	מִסְפָּר	_
11-12	הַטֵּלֵפוֹן	_	_	_	_
11	ה	ה	DET	DET	PronType=Art
12	טֵּלֵפוֹן	טלפון	NOUN	NOUN	Gender=Masc|Number=Sing	טֵלֵפוֹן	_
13	אוֹ	או	CCONJ	CCONJ		אוֹ	_
14	כְּתֹבֶת	כתובת	NOUN	NOUN	Definite=Cons|Gender=Fem|Number=Sing	כְּתֹבֶת	_
15-16	הֲמֵיְל	_	_	_	_
15	הֲ	ה	ADV	ADV	PronType=Int
16	מֵיְל	מייל	PROPN	PROPN		מֵיְל	_
17-18	אִתָּם	_	_	_	_
17	את_	את	ADP	ADP		אֶת	_
18	_הם	הם	PRON	PRON	Gender=Masc|Number=Plur|Person=3|PronType=Prs
19	בֻּצַּע	בוצע	VERB	VERB	Gender=Masc|HebBinyan=PUAL|HebRoot=בצע|Number=Sing|Person=3|Tense=Past|Voice=Pass	בֻּצַּע	_
20	רִשּׁוּם	רישום	NOUN	NOUN	Gender=Masc|Number=Sing	רִשּׁוּם	_
21	.		PUNCT	PUNCT		.	_
22	 		X	X	DictaNote=Unknown	 	_

# new_sentence = yes, end_paragraph=no
# text = בסיום, יש ללחוץ על כניסה.
1-2	בְּסִיּוּם	_	_	_	_
1	בְּ	ב	ADP	ADP
2	סִיּוּם	סיום	NOUN	NOUN	Gender=Masc|Number=Sing	סִיּוּם	_
3-5	, יֵשׁ	_	_	_	_
3	,		PUNCT	PUNCT		,	_
4	 		X	X	DictaNote=Unknown	 	_
5	יֵשׁ	יש	AUX	AUX	VerbType=Mod	יֵשׁ	_
6	לִלְחֹץ	לחץ	VERB	VERB	HebBinyan=PAAL|HebRoot=לחץ|VerbForm=Inf|Voice=Act	לָחַץ	_
7	עַל	על	ADP	ADP		עַל	_
8	כְּנִיסָה	כניסה	NOUN	NOUN	Gender=Fem|Number=Sing	כְּנִיסָה	_
9	.		PUNCT	PUNCT		.	_

# new_sentence = yes, end_paragraph=yes
# text =

# new_sentence = yes, end_paragraph=yes
# text = לחיצת ""אישור"" באפליציה "

1	לְחִיצַת	לחיצה	NOUN	NOUN	Definite=Cons|Gender=Fem|Number=Sing	לְחִיצָה	_
2-3	 ""אִשּׁוּר	_	_	_	_
2	 ""		X	X	DictaNote=Unknown	 ""	_
3	אִשּׁוּר	אישור	NOUN	NOUN	Gender=Masc|Number=Sing	אִשּׁוּר	_
4-9	"" בְּאַפְלִיצְיָה	_	_	_	_
4	"		PUNCT	PUNCT		"	_
5	"		PUNCT	PUNCT		"	_
6	 		X	X	DictaNote=Unknown	 	_
7	בְּ	ב	ADP	ADP
8	_		NOUN	NOUN	Definite=Def|Gender=Fem|Number=Sing		_
9	_של_	של	ADP	ADP	_
10	 "		X	X	DictaNote=Unknown	 "	_

# new_sentence = yes, end_paragraph=no
# text = באפליקציה המותקנת על מכשיר הלקוח, תתקבל התראה על בקשת כניסה לחשבון. 
1-3	בָּאַפְּלִיקַצְיָה	_	_	_	_
1	בָּ	ב	ADP	ADP
2	ה_	ה	DET	DET	PronType=Art
3	אַפְּלִיקַצְיָה	אפליקציה	NOUN	NOUN	Gender=Fem|Number=Sing	אַפְּלִיקַצְיָה	_
4-5	הַמֻּתְקֶנֶת	_	_	_	_
4	ה	ה	DET	DET	PronType=Art
5	מֻּתְקֶנֶת	הותקן	VERB	VERB	Gender=Fem|HebBinyan=HUFAL|HebRoot=תקן|Number=Sing|Person=1,2,3|VerbForm=Part|Voice=Pass	הֻתְקַן	_
6	עַל	על	ADP	ADP		עַל	_
7	מַכְשִׁיר	מכשיר	NOUN	NOUN	Definite=Cons|Gender=Masc|Number=Sing	מַכְשִׁיר	_
8-9	הַלָּקוֹחַ	_	_	_	_
8	ה	ה	DET	DET	PronType=Art
9	לָּקוֹחַ	לקוח	NOUN	NOUN	Gender=Masc|Number=Sing	לָקוֹחַ	_
10-12	, תִּתְקַבֵּל	_	_	_	_
10	,		PUNCT	PUNCT		,	_
11	 		X	X	DictaNote=Unknown	 	_
12	תִּתְקַבֵּל	התקבל	VERB	VERB	Gender=Fem|HebBinyan=HITPAEL|HebRoot=קבל|Number=Sing|Person=3|Tense=Fut	הִתְקַבֵּל	_
13	הַתְרָאָה	התראה	NOUN	NOUN	Gender=Fem|Number=Sing	הַתְרָאָה	_
14	עַל	על	ADP	ADP		עַל	_
15	בַּקָּשַׁת	בקשה	NOUN	NOUN	Definite=Cons|Gender=Fem|Number=Sing	בַּקָּשָׁה	_
16	כְּנִיסָה	כניסה	NOUN	NOUN	Gender=Fem|Number=Sing	כְּנִיסָה	_
17-18	לְחֶשְׁבּוֹן	_	_	_	_
17	לְ	ל	ADP	ADP
18	חֶשְׁבּוֹן	חשבון	NOUN	NOUN	Gender=Masc|Number=Sing	חֶשְׁבּוֹן	_
19	.		PUNCT	PUNCT		.	_
20	 		X	X	DictaNote=Unknown	 	_

# new_sentence = yes, end_paragraph=no
# text = הלקוח צריך לסמן ""אישור"". 
1-2	הַלָּקוֹחַ	_	_	_	_
1	ה	ה	DET	DET	PronType=Art
2	לָּקוֹחַ	לקוח	NOUN	NOUN	Gender=Masc|Number=Sing	לָקוֹחַ	_
3	צָרִיךְ	צריך	AUX	AUX	Gender=Masc|Number=Sing|Person=1,2,3|VerbType=Mod	צָרִיךְ	_
4	לְסַמֵּן	סימן	VERB	VERB	HebBinyan=PIEL|HebRoot=סמן|VerbForm=Inf|Voice=Act	סִמֵּן	_
5-6	 ""אִשּׁוּר	_	_	_	_
5	 ""		X	X	DictaNote=Unknown	 ""	_
6	אִשּׁוּר	אישור	NOUN	NOUN	Gender=Masc|Number=Sing	אִשּׁוּר	_
7	"		PUNCT	PUNCT		"	_
8	"		PUNCT	PUNCT		"	_
9	.		PUNCT	PUNCT		.	_
10	 		X	X	DictaNote=Unknown	 	_

# new_sentence = yes, end_paragraph=yes
# text = "

1	"		PUNCT	PUNCT		"	_

# new_sentence = yes, end_paragraph=yes
# text = האם בקשת האישור התקבלה באפליקציה?

1	הַאִם	אם	ADV	ADV	PronType=Int	אִם	_
2	בַּקָּשַׁת	בקשה	NOUN	NOUN	Definite=Cons|Gender=Fem|Number=Sing	בַּקָּשָׁה	_
3-4	הָאִשּׁוּר	_	_	_	_
3	ה	ה	DET	DET	PronType=Art
4	אִשּׁוּר	אישור	NOUN	NOUN	Gender=Masc|Number=Sing	אִשּׁוּר	_
5	הִתְקַבְּלָה	התקבל	VERB	VERB	Gender=Fem|HebBinyan=HITPAEL|HebRoot=קבל|Number=Sing|Person=3|Tense=Past	הִתְקַבֵּל	_
6-8	בָּאַפְּלִיקַצְיָה	_	_	_	_
6	בָּ	ב	ADP	ADP
7	ה_	ה	DET	DET	PronType=Art
8	אַפְּלִיקַצְיָה	אפליקציה	NOUN	NOUN	Gender=Fem|Number=Sing	אַפְּלִיקַצְיָה	_
9	?		PUNCT	PUNCT		?	_

